,stage,repeat,other_checkpoint_size,other_checkpoint_time,receive_time,restore_size,restore_time,total_time,actual_receive_time
0,0,1,265087,0.30894900300000216,0.37674483400000014,265087,3.3959915029999976,3.827753831999999,0.12281332599999928
1,0,1,265476,0.25794732399998566,0.3044430930000033,265476,3.0053939050000054,3.3654795420000028,0.10213831300001175
2,0,1,265460,0.2520173019999561,0.32200512099998946,265460,3.633321456999994,4.010446344999991,0.12510758600004124
3,0,1,265639,0.2640568019999705,0.3138812549999841,265639,3.1664442839999936,3.5506725689999996,0.12017148300003555
4,0,2,265758,0.4334639559999971,0.48130812299999803,265758,3.2780355760000006,3.8166656349999997,0.10516610300000195
5,0,2,266137,0.26158024299996896,0.3080889809999974,266137,3.863781835999987,4.241620775999991,0.11625869700003477
6,0,2,265980,0.25625702399997863,0.3264813879999906,265980,3.2463246330000004,3.6278693539999836,0.12528769700000453
7,0,2,266126,0.3395708410000111,0.38813992100000405,266126,3.337911460999976,3.796552144000003,0.11906984200001602
8,0,3,265529,0.41952492000000063,0.46782370100000037,265529,3.241692952000001,3.7826526119999997,0.12143473999999799
9,0,3,265961,0.33537404700001616,0.38072004699998274,265961,3.1999313099999824,3.6461385939999786,0.11083323699998004
10,0,3,266209,0.2551601359999722,0.3169049720000032,266209,3.3175318660000244,3.689312259000019,0.11662025700002232
11,0,3,266233,0.24869243400002006,0.3120015140000021,266233,3.1101633209999875,3.4770230829999775,0.11816732799996998
12,0,4,265853,0.3354269439999982,0.4054800279999995,265853,3.2316549670000043,3.6925635119999995,0.12548160099999706
13,0,4,266402,0.24033468599998287,0.3019094849999817,266402,3.5754834500000072,3.931859720999995,0.11604158500000494
14,0,4,266283,0.246076936999998,0.29307072400001744,266283,3.140250927000011,3.492096074000017,0.10576821000000791
15,0,4,266286,0.25062307800004646,0.32272108499998353,266286,3.425899401999999,3.8188835830000016,0.1423611029999563
16,0,5,265570,0.30106102499999565,0.3470969659999952,265570,3.595470841000001,4.013349493,0.1168176270000032
17,0,5,265991,0.2567817850000438,0.301919354000006,265991,3.199759383000014,3.569772508,0.11323133999994184
18,0,5,266094,0.2607617279999772,0.32794452699999965,266094,3.3705759280000223,3.7534662660000038,0.1221286100000043
19,0,5,266236,0.24225952500000858,0.29218255099999624,266236,3.195497902999989,3.5577500189999967,0.11999259099999904
20,0,6,265110,0.4062901870000033,0.4544401960000002,265110,3.2766073230000003,3.7862163409999994,0.10331883099999573
21,0,6,265345,0.2796077659999696,0.32606351100000097,265345,3.2365030450000063,3.6332723619999854,0.11716155100000947
22,0,6,265382,0.2478685059999748,0.2928497590000063,265382,3.5955540820000067,3.9596568320000074,0.11623424400002591
23,0,6,265427,0.24520996999996214,0.29326328700000204,265427,3.188162180000006,3.549754925000002,0.11638277500003369
24,0,7,265624,0.3267563929999966,0.39375736000000217,265624,3.204985865999994,3.654106065999997,0.12236380700000637
25,0,7,266084,0.33860612299997683,0.4104731040000047,266084,3.284103474999995,3.7494478339999944,0.12673823600002265
26,0,7,266124,0.252238449999993,0.31986375700000735,266124,4.123384989000016,4.4986245600000245,0.1230011210000157
27,0,7,266291,0.24333769999998367,0.28897177199999646,266291,3.665763811000005,4.025891586,0.11679007500001148
28,0,8,265686,0.3307000729999956,0.3770451409999964,265686,3.245806680000001,3.690230147000001,0.11372339400000442
29,0,8,266288,0.2508528029999866,0.30168472599999063,266288,3.151907335000004,3.52965777899999,0.12689764099999934
30,0,8,266164,0.2602379029999611,0.33518508399998836,266164,3.3229195510000125,3.713140119000002,0.12998266500002842
31,0,8,266356,0.24845566900000904,0.31802122399997756,266356,3.1406443699999897,3.513510139999994,0.12441010099999517
32,0,9,265749,0.31681616200000207,0.36317410899999913,265749,3.4177757629999945,3.8402413429999953,0.10564941799999872
33,0,9,265939,0.2309588089999579,0.28009297300002345,265939,3.227993987000019,3.5788789390000204,0.11992614300004334
34,0,9,265970,0.2561106669999731,0.3012090230000126,265970,3.3312897280000016,3.7030428750000226,0.11564248000004795
35,0,9,266005,0.24471697399997083,0.28848399399998925,266005,3.2555036980000125,3.6045210860000054,0.1043004140000221
36,0,10,267337,0.3007867310000023,0.3471840949999958,267337,3.343157614000006,3.7622627630000025,0.1183184179999941
37,0,10,267400,0.24923062900001014,0.297069074999996,267400,3.4555930260000025,3.827765819000007,0.12294216399999414
38,0,10,267576,0.24000028900002235,0.29021379499999966,267576,3.335436310999995,3.6819548889999965,0.10651828899997895
39,0,10,267722,0.2552583840000011,0.30118301199999564,267722,3.278359643000016,3.649749234000012,0.11613120699999513
40,100,1,106450663,1.4880673299999998,1.533904254999996,106450663,5.169913633999997,7.5227408249999925,0.864759860999996
41,100,1,105252604,0.6338995129999603,0.6796537370000237,105252604,5.527841841999987,6.985875307000015,0.8241339520000679
42,100,1,105254745,0.6234303260000047,0.6706066640000188,105254745,5.180066358999994,6.975501753000003,1.1720050680000043
43,100,1,106276824,0.6647325010000031,0.7127093450000075,106276824,5.217440410000023,6.707520081000013,0.8253471699999864
44,100,2,106413756,1.432954118000005,1.4795510029999974,106413756,5.082835993000003,7.391163839000001,0.8753737279999925
45,100,2,106500559,0.6800605320000273,0.7255052769999963,106500559,4.951532850000007,6.474443815000001,0.8428504329999669
46,100,2,106499896,0.6978784429999791,0.7539761830000202,106499896,4.857822749000007,6.4386226020000095,0.8829214100000229
47,100,2,106501169,0.8221047850000218,0.8708035900000084,106501169,5.190603302999989,6.852248602000003,0.8395405139999923
48,100,3,106581126,2.023273035999999,2.070668167000001,106581126,5.275761522000003,8.210106007,0.9110714489999978
49,100,3,106573034,0.6609004979999895,0.7048666019999814,106573034,5.6275259800000015,7.154652209999995,0.8662257320000037
50,100,3,105528381,0.8683522860000039,0.9395634880000046,105528381,5.620213585000016,8.180427972000018,1.6918621009999981
51,100,3,106564677,0.65436705999997,0.6995873349999897,106564677,4.955993710000001,6.492301855999983,0.8819410860000119
52,100,4,106489125,1.4622208790000002,1.5291418280000002,106489125,5.146339476999998,7.489437234,0.8808768780000023
53,100,4,106529220,0.7666278699999793,0.8329248329999928,106529220,5.155168757000013,6.833708432999998,0.9119118060000062
54,100,4,106553893,0.6724652610000135,0.7376275940000028,106553893,5.017546392000014,6.557000871000014,0.8669892179999863
55,100,4,106556567,0.6604130910000094,0.7250408330000084,106556567,5.0443463269999995,6.890075585999995,1.1853161679999857
56,100,5,106456852,1.4763748529999958,1.5265429659999938,106456852,5.222787333999996,7.537142452999994,0.8379802660000024
57,100,5,106321542,0.6651105089999874,0.7317912129999797,106321542,5.004078797000005,7.440730186999986,1.7715408809999929
58,100,5,106322924,0.651798886999984,0.6980577369999992,106322924,4.819816544999981,6.322421067999983,0.8508056360000182
59,100,5,106321201,0.7575231920000078,0.8104863970000054,106321201,5.069981579,6.692043274000014,0.8645385030000057
60,100,6,106405583,1.407538731999999,1.4748111460000004,106405583,5.085571664,7.412189716,0.9190793200000016
61,100,6,106349572,0.7824639669999556,0.8456664850000095,106349572,4.898553769000017,6.687299019000022,1.0062812830000496
62,100,6,106343045,0.6454673310000203,0.6923568019999777,106343045,5.105150949999995,7.135792793999997,1.3851745129999813
63,100,6,105308520,0.6867583279999963,0.760084949000003,105308520,5.2196683430000235,7.091332374000018,1.1849057029999983
64,100,7,106547326,1.4476324220000052,1.4933381029999993,106547326,5.284825006999995,7.583423678999992,0.8509662499999919
65,100,7,106471563,0.6657819310000264,0.714007678999991,106471563,4.982384368999988,6.519353110999987,0.8711868109999727
66,100,7,106471823,0.6501527759999703,0.7215285869999946,106471823,5.268563486999994,6.894040058999991,0.9753237960000263
67,100,8,106726943,1.3790604360000032,1.426848483999997,106726943,5.497371699000006,7.730018370000003,0.8535862349999945
68,100,8,106568406,0.6906904870000403,0.7573296390000053,106568406,5.121690756000021,7.7870066210000175,1.9746253779999563
69,100,8,106574112,0.7013725470000054,0.7462661670000159,106574112,4.930947328000002,6.784935310999998,1.1526154359999907
70,100,8,106573183,0.6456469410000523,0.6946693689999961,106573183,5.234345824999991,6.75963914099998,0.8796463749999361
71,100,9,106431266,1.3635981209999954,1.409401023000001,106431266,4.761921477000001,8.193402077000002,2.067882479000005
72,100,9,106364577,0.6528809470000283,0.7008874670000012,106364577,5.041743706000005,6.524154321000026,0.8295296679999922
73,100,9,106366792,0.6346880419999934,0.7058037399999932,106366792,5.345106393999998,7.180503931000004,1.2007094950000123
74,100,9,106367179,0.6552936990000262,0.7003421880000076,106367179,5.1487689159999945,6.631758335000001,0.8276957199999799
75,100,10,106367468,1.3966177670000022,1.4466037170000021,106367468,5.144787574999995,7.3787824220000005,0.8373770800000031
76,100,10,106273902,0.7083718900000235,0.7534308399999929,106273902,5.079944106999989,6.654189037999998,0.8658730409999862
77,100,10,106290119,0.6764102810000168,0.726255569000017,106290119,5.089799267999979,6.596166388,0.8299568390000047
78,100,10,106290319,0.6771045140000069,0.7245792459999905,106290319,4.611378161999994,6.156060890999981,0.8675782149999804
79,200,1,211784725,2.3817520440000024,2.4262607070000044,211784725,6.646026111000005,11.502054678000007,2.4742765230000003
80,200,1,211585287,1.1169557820000477,1.1624235619999865,211585287,6.861517089000017,9.667066804000001,1.688593932999936
81,200,1,211623846,1.1213699219999853,1.1683527179999942,211623846,6.418091234000002,9.362077747,1.8226165910000134
82,200,1,211618717,1.0706253000000174,1.1171960829999819,211618717,7.559555962000019,10.56545878,1.935277517999964
83,200,2,211504764,2.462970162000005,2.5089283180000024,211504764,7.337605916000008,11.567698338000007,1.7671222599999936
84,200,2,210568441,1.0645899770000256,1.1150163719999853,210568441,7.128948871000006,10.011674835000008,1.8181359869999767
85,200,2,211613605,1.2336675959999752,1.280423892000016,211613605,6.674596549,9.50497309100001,1.5967089460000352
86,200,2,210574822,1.4974418929999729,1.5420666570000208,210574822,6.682434397000009,10.025481607000017,1.845605317000036
87,200,3,211530872,2.430840364000005,2.5022224599999987,211530872,6.900417172999994,11.185673748999996,1.8544162119999967
88,200,3,211461018,1.1380712409999774,1.1856305079999743,211461018,6.59230751299998,9.907333146999974,2.176954393000017
89,200,3,211470347,1.0076014779999696,1.0552030690000151,211470347,6.480978770000007,9.909069460000012,2.420489212000035
90,200,3,211470565,1.112741286999949,1.159869337999993,211470565,6.647057057000012,9.514062687999996,1.7542643440000347
91,200,7,211883402,2.5392581750000005,2.585327925999998,211883402,6.464341000999994,10.893339558999998,1.889740383000003
92,200,7,211467426,1.0978129869999975,1.1436853999999812,211467426,6.545116476000004,9.598651044999997,1.9557215819999954
93,200,7,211472198,1.0968760380000049,1.1436324639999782,211472198,7.45839930599999,10.328875309999972,1.7735999659999777
94,200,7,211475407,1.0843636839999817,1.1572079180000117,211475407,7.128744474000001,10.089182844000021,1.8760746860000381
95,200,8,211645878,2.2991705430000025,2.3501846819999983,211645878,6.347001550999998,10.337173006999997,1.6910009129999963
96,200,8,211732948,1.0902861780000421,1.1369461849999993,211732948,6.83797146400002,9.937114758000007,2.0088571159999447
97,200,8,211717804,1.1298039440000025,1.1760505809999984,211717804,6.990949198999999,10.211033450000002,2.0902803070000004
98,200,8,211741164,1.1918100240000058,1.242986545000008,211741164,7.019636109000004,10.280699830000003,2.0692536969999935
99,200,9,211627763,2.197122907999997,2.247503330999997,211627763,7.133478815000004,11.398048183,2.0674464599999993
100,200,9,211458910,1.055531682000037,1.1231214960000102,211458910,6.87125160299999,10.14662584300001,2.219842557999982
101,200,9,211464791,1.1132508140000255,1.1619689979999919,211464791,6.761099271999996,9.634845915999989,1.760495829999968
102,200,9,211473242,1.0921809339999982,1.1630442229999858,211473242,6.774153536,11.795566324999982,3.9292318549999834
103,200,10,211784419,2.4911825749999963,2.5371624510000004,211784419,6.702050689999993,10.852543310999998,1.6593100460000088
104,200,10,211461875,1.2659799840000119,1.3312782730000094,211461875,6.929889502999998,11.053106452000009,2.8572369649999985
105,200,10,210433065,1.0741142880000325,1.1226828080000075,210433065,6.723727816999997,9.526215699999995,1.7283735949999652
106,200,10,211481098,1.0682843820000016,1.113913556,211481098,8.088586501999998,10.952065061000013,1.7951941770000133
107,300,1,316921293,3.479913609999997,3.5262654029999965,316921293,8.018511343,14.291479854000002,2.793054901000005
108,300,1,317137341,1.506196659000011,1.5509986149999975,317137341,8.524097501,13.311554687000012,3.2812605270000006
109,300,1,317137565,1.6658826299999987,1.7333299809999971,317137565,8.582508864999994,12.895854648000011,2.647463153000018
110,300,1,317133647,1.4994084630000089,1.545253592000023,317133647,8.33134263300002,12.620684308000023,2.789933211999994
111,300,2,316988798,3.305571016000002,3.353467561000002,316988798,8.145931985999994,14.057754363999997,2.606251362000002
112,300,2,317015341,1.5726232380000056,1.636930024999998,317015341,8.080680746000013,12.839539360999993,3.1862353769999743
113,300,2,317017925,1.4904910310000332,1.5353719969999986,317017925,8.467088814999983,12.751959937999999,2.794380091999983
114,300,2,317000193,1.6609065310000233,1.7071038130000034,317000193,8.21965559900002,12.585896866000013,2.705334735999969
115,300,3,316896035,3.755552528999999,3.805480468000006,316896035,8.222069978000007,14.27565476400001,2.2980322570000027
116,300,3,316941148,1.6709172479999665,1.71590300699998,316941148,8.382510719999999,12.594607077999996,2.54117911000003
117,300,3,316941546,1.595072173999995,1.6417554440000117,316941546,8.440228685000022,12.429675751000019,2.394374892000002
118,300,3,316934706,1.5027839650000487,1.5501725780000015,316934706,8.008081465000004,12.175606462000019,2.6647410319999665
119,300,4,316702048,3.2247127819999974,3.270788460999995,316702048,8.052080778000004,14.198293442999997,2.9214998829999956
120,300,4,316927026,1.5191531950000012,1.5635693589999846,316927026,8.358276700000005,12.94093062799999,3.0635007329999837
121,300,4,316927019,1.555571337999993,1.6031193749999773,316927019,8.10896630800002,12.261411312999996,2.596873666999983
122,300,4,316945419,1.5037646440000003,1.5492143959999964,316945419,8.616557458000017,12.971622357000001,2.851300254999984
123,300,6,316854536,3.2683058969999976,3.317507722000002,316854536,7.91649692899999,13.743885286999998,2.55908246100001
124,300,6,316839271,1.4767255539999837,1.5224843239999757,316839271,8.58022095199999,12.42483618999998,2.367889684000005
125,300,6,316839450,1.5772819000000027,1.6450129639999886,316839450,8.797561286000018,13.363563451999994,2.988720265999973
126,300,6,316840144,1.5103520700000104,1.5604460559999893,316840144,8.18781657300002,12.364748813000006,2.6665801699999747
127,300,7,316692615,3.487247517,3.5316722139999968,316692615,8.567416273999996,14.754689983999995,2.7000261929999994
128,300,7,316853967,1.5050405800000135,1.5507423640000013,316853967,8.555241018999993,12.972955052999993,2.912673453999986
129,300,7,316854077,1.8033354920000306,1.849042049000019,316854077,8.862862579999984,13.631596897000009,2.965398824999994
130,300,7,316850698,1.5712125119999882,1.6159079379999923,316850698,8.908414808000003,12.940026603000007,2.460399283000015
131,300,8,316671301,3.546647016999998,3.592479485999995,316671301,8.283327161000003,14.613688822999997,2.7837146449999963
132,300,8,316921890,1.4153898010000034,1.4593061140000145,316921890,8.846691377000013,12.645449094000014,2.3833679159999974
133,300,8,316921407,1.6842419219999556,1.7303109140000004,316921407,8.316694737999995,13.149729880999985,3.148793221000034
134,300,8,316918091,1.6115257879999945,1.6739777680000145,316918091,8.530103959999991,12.918058037999998,2.7764282900000126
135,300,9,316909134,3.5309672019999994,3.5771806480000023,316909134,8.615434979,15.009314906999997,2.8629127259999976
136,300,9,316976104,1.5056734519999964,1.574694864999998,316976104,8.671958294000007,13.306698138000002,3.1290663919999986
137,300,9,316992657,1.5475005829999873,1.5925393589999999,316992657,8.414360213000009,12.974673146000015,3.0128123500000186
138,300,9,315943661,1.5421446369999785,1.5900909199999944,315943661,8.301876357999987,12.521905508999993,2.677884514000027
139,300,10,316719757,3.271642253000003,3.319196078999994,316719757,8.126984883999995,14.136111620999998,2.7374844839999994
140,300,10,316587539,1.523430183999949,1.571515613999992,316587539,8.385096903000004,12.511042473999993,2.6025153870000395
141,300,10,315538913,1.5806143110000335,1.6499947480000117,315538913,8.686100643000003,12.990381990000003,2.7236670359999664
142,300,10,316569107,1.5665876759999833,1.6154605360000005,316569107,8.114466434000008,12.318101502000019,2.637047392000028
143,400,1,421781615,4.4120564190000024,4.457669039999999,421781615,9.933240130000001,17.454875436000002,3.109578886999998
144,400,1,422462891,1.9553306869999574,2.00454766499999,422462891,10.633261727000018,16.781306093000012,4.192713679000036
145,400,1,422463270,1.998853343999997,2.046664389,422463270,10.817080973999992,16.39335135099998,3.577417032999989
146,400,1,422463567,1.9240485280000144,1.9730785460000106,422463567,9.72014219799999,15.387277678000004,3.7430869519999987
147,400,2,421538462,4.208458725,4.275872346,421538462,9.956822516000003,18.854910128000007,4.689628887000005
148,400,2,422274103,2.0635105000000067,2.1095096740000088,422274103,10.187071579000019,15.392755653000023,3.1421735739999974
149,400,2,422281807,2.077186026999982,2.124134070999986,422281807,10.027203974000003,16.19333567199999,4.088945671000005
150,400,2,422281963,1.9542407210000192,2.000417214999999,422281963,10.086659335999997,15.609253956000003,3.5683538989999875
151,400,3,421934264,4.4405970819999965,4.490639381000001,421934264,9.507392201000002,17.384569885999994,3.436580602999996
152,400,3,422461990,2.0981462749999764,2.147129036000024,422461990,10.225553536000007,16.190957459000003,3.8672576480000203
153,400,3,422462184,1.9735554000000093,2.0195365900000013,422462184,10.087975732000018,15.35267349800003,3.2911423660000025
154,400,3,422462305,1.9772204700000202,2.0261004559999947,422462305,9.94788035900001,15.531994501000014,3.606893671999984
155,400,4,421918579,4.544023719000002,4.608007964999999,421918579,10.563639117999998,19.045375479999997,3.9377126429999976
156,400,4,421824381,1.9192711409999674,1.985794210000023,421824381,10.277196411999995,16.593618339000017,4.397150786000054
157,400,4,421824629,1.9903026680000266,2.0537284920000047,421824629,10.185854723999995,15.415674346000003,3.2395169539999813
158,400,4,421825043,1.944249874000036,2.0121518070000093,421825043,9.757602540000022,15.479560298000024,3.777707883999966
159,400,5,421899052,4.095331834,4.142069331000002,421899052,9.854947882000005,17.741129138000005,3.790849422000001
160,400,5,422227872,1.9482012099999793,1.9986760540000148,422227872,10.13903684600001,15.824768838000011,3.7375307820000216
161,400,5,422226067,1.9512380639999947,2.018710212000002,422226067,9.685475842000017,15.270730397000023,3.6340164910000112
162,400,5,422227359,2.0014325330000133,2.048918549000007,422227359,10.260870931999989,16.373391930999986,4.111088465999984
163,400,6,421876016,4.000784297000003,4.069244818999998,421876016,9.979881966000008,17.802346048000004,3.8216797849999935
164,400,6,422258522,1.8627124550000076,1.9335121720000075,422258522,10.791279712000005,15.926335550000005,3.272343382999992
165,400,6,422258878,1.9820723340000086,2.0271646129999965,422258878,9.410284728000022,14.520089705000004,3.1277326429999732
166,400,6,422259175,1.9513714159999722,2.0217451940000046,422259175,10.87196371600001,16.684908449000005,3.8615733170000226
167,400,7,422363163,3.9124037440000023,3.9611806119999997,422363163,9.951043309,17.521153777000002,3.6577067240000005
168,400,7,422105895,2.0371887219999962,2.083686209999996,422105895,10.341423864999996,16.14021328199999,3.7616006949999985
169,400,7,421065673,1.9962922240000012,2.0426259619999882,421065673,10.314544535999971,15.995779082999974,3.6849423230000014
170,400,7,422106669,2.0147323229999756,2.078710383000015,422106669,10.233706753000007,15.871261641000018,3.6228225650000354
171,400,8,422715047,4.254975553000001,4.318715740999998,422715047,9.952083518999999,18.144314338999997,3.9372552669999976
172,400,8,421685791,2.020098111999971,2.0665319370000077,421685791,9.655096521000019,15.36854390000002,3.6933492670000305
173,400,8,421690199,1.9559505089999902,2.0159448470000143,421690199,9.662454954999987,15.419539864,3.8011344000000236
174,400,8,421690449,1.934441574999994,1.9843696619999776,421690449,10.149414506,15.846561909999991,3.762705828999998
175,400,9,422050463,4.199975279,4.267971619999997,422050463,9.863178780000013,17.608325852000007,3.5451717929999944
176,400,9,422416548,2.0426774180000393,2.0879612700000223,422416548,10.059451601000006,15.842000624000008,3.739871604999962
177,400,9,422419687,1.9993102170000157,2.0652063589999727,422419687,9.653243051999993,15.13337460599999,3.4808213369999805
178,400,9,422420276,1.9689161009999907,2.022471500999984,422420276,10.347020893999996,15.931832681999992,3.6158956870000054
179,500,1,527706167,5.680062709000005,5.725427414000002,527706167,11.379283513999994,21.017699037999996,3.958352814999998
180,500,1,527370669,2.4020930940000085,2.466073162999976,527370669,11.993119299,18.51126798499999,4.116055591999981
181,500,1,527371324,2.496509333000006,2.5439978910000036,527371324,11.793281047000022,19.46726737100002,5.177476990999992
182,500,1,527371687,2.4025607649999756,2.4497994009999786,527371687,11.675405913999981,18.776511761999984,4.6985450830000275
183,500,2,527682587,5.552487798999998,5.599763718999995,527682587,11.645453703000001,22.401041203000005,5.203099701000006
184,500,2,527364934,2.3651195450000273,2.4102310939999825,527364934,11.71772669500001,18.10538767,4.022541429999961
185,500,2,527365507,2.605415402999995,2.6506644719999883,527365507,11.679393645999994,19.03204763499997,4.74723858599998
186,500,2,527365452,2.5065394530000162,2.5729922580000277,527365452,11.546988730999999,18.931733570000006,4.8782053859999905
187,500,3,526606410,4.889876893,4.9365416640000035,526606410,11.67880410699999,21.316148530999996,4.747467531000005
188,500,3,527058789,2.419025726999962,2.4642664120000006,527058789,11.562570936000014,18.553683236000012,4.5720865730000355
189,500,3,527076939,2.4391732760000195,2.4918264169999986,527076939,12.666650505999996,20.237975272,5.132151489999984
190,500,3,527075100,2.349910378000004,2.394724609000008,527075100,12.567223614,19.770580999000003,4.853447007
191,500,4,527597320,5.990927534000008,6.037149914000004,527597320,11.967601587999994,22.599275688,4.640746565999997
192,500,4,525845891,2.5253987330000314,2.5719969920000096,525845891,11.528245999000006,18.644307326000018,4.59066259399998
193,500,4,525846896,2.361591206000014,2.4083002410000063,525846896,11.546062597000002,18.334116736000027,4.4264629330000105
194,500,4,526894038,2.400644271000033,2.446799257000009,526894038,12.024445828000012,18.742166679000007,4.317076579999963
195,500,5,527266786,5.577275279999995,5.649845671999998,527266786,11.800775256999998,23.014770034999998,5.636719498000005
196,500,5,526936712,2.414667638000026,2.459669586999979,526936712,12.22174731199999,19.04596295799999,4.409548007999973
197,500,5,526937158,2.4133104310000135,2.45768340799998,526937158,11.544746998999983,18.346510643999977,4.388453213999981
198,500,5,526937953,2.3746886839999775,2.4418727750000073,526937953,11.625278761000004,18.610678936,4.610711491000018
199,500,7,526541495,5.458052935000005,5.502186660000007,526541495,12.380577023,21.771276131000008,3.932646173000002
200,500,7,526506510,2.4490395409999905,2.4935713749999877,526506510,11.288911701999979,18.221015696999984,4.483064454000015
201,500,7,526506951,2.3291230199999973,2.375457928000003,526506951,11.778334816000012,18.50692035100002,4.39946251500001
202,500,7,526507250,2.361501360000034,2.4321164659999965,526507250,11.523218412000006,19.888791982000015,6.0040722099999755
203,500,8,527796079,5.524878350999998,5.574287223999995,527796079,10.995221005999994,20.715250203999993,4.195150847000001
204,500,8,527124109,2.434363066000003,2.4799830659999884,527124109,11.398726672999999,17.769657886000005,3.9365681470000027
205,500,8,527128797,2.5405155130000026,2.58940168700002,527128797,12.20349329199999,18.881743290999992,4.137734485999999
206,500,8,527112657,2.3802643270000203,2.4266235609999853,527112657,11.352411122000007,18.38590557499998,4.653230125999954
207,500,9,527553391,5.1827504640000015,5.227253165999997,527553391,11.542673272999991,20.688729619999997,3.963305883000004
208,500,9,527250296,2.547020868000004,2.6143489500000214,527250296,11.588118218000005,18.541584849000003,4.406445762999994
209,500,9,527250759,2.366132556000025,2.434220589000006,527250759,12.115925830000009,19.492056243999997,5.009997857999963
210,500,9,527251127,2.3804483719999894,2.425861268999995,527251127,11.690757784999988,19.267851656999994,5.196645500000017
211,500,10,527363098,5.890861918000006,5.939290730000003,527363098,11.597328884000007,21.942640804,4.454450001999987
212,500,10,527189727,2.3508876640000267,2.3995588339999756,527189727,11.933331151999994,19.002753608999996,4.718534792999975
213,500,10,527194274,2.4373894889999974,2.486545868999997,527194274,11.55116713000001,18.698010777999997,4.709454158999989
214,500,10,527194303,2.4151161249999973,2.4636972879999917,527194303,11.365219752000002,17.963763366999984,4.1834274899999855
215,600,1,632230908,6.427689478000005,6.495365709000005,632230908,12.803476638999996,25.360160517999994,6.128994400999993
216,600,1,631254146,2.90488064799996,2.9558862009999984,631254146,13.241673724000009,22.287781671999994,6.1412273000000255
217,600,1,631245458,2.873113839000041,2.92064800899999,631245458,13.214941369999991,22.70075844499999,6.612703235999959
218,600,1,632295257,2.871792706000008,2.9183805999999777,632295257,13.212269075999984,23.16379645799998,7.079734675999987
219,600,2,632361418,6.807353216999999,6.855913414,632361418,13.758224971999994,27.416269557999996,6.850691369000003
220,600,2,633207773,2.8058731140000077,2.851616629000006,633207773,13.102811405000011,22.419180038000007,6.5104955189999885
221,600,2,632158007,2.9295636069999773,2.9765045830000076,632158007,13.117807278000015,21.979541376000014,5.932170491000022
222,600,2,633205195,2.8472958250000033,2.8949793650000117,633205195,13.134861469000015,21.94715689900002,5.964999605000003
223,600,3,632295875,6.371208515000006,6.418001829999994,632295875,13.520356641999996,25.882184029,5.990618871999999
224,600,3,632519721,2.8773584529999994,2.9220064610000236,632519721,12.829007247000021,20.94113205000002,5.234766350000001
225,600,3,632511831,3.093709031000003,3.1608123830000068,632511831,13.343026136999981,22.68970018799999,6.252965020000005
226,600,3,632521885,2.8434179369999697,2.889839821999999,632521885,13.005502622999984,22.581940890999988,6.733020331000034
227,600,4,631844648,6.176407078000004,6.224804093000003,631844648,12.700304575000004,24.382288974999994,5.505577321999986
228,600,4,630817577,2.8325139849999914,2.8966567370000007,630817577,13.525364441999983,22.511911851000008,6.154033424000033
229,600,4,630803035,2.904037076999998,2.952593987,630803035,13.658813331000005,22.444511832000018,5.881661424000015
230,600,4,631851727,2.775935451999999,2.8231086829999867,631851727,12.772638110000003,21.09879434299998,5.550220780999979
231,600,5,632331245,6.720550328999998,6.771710982999991,632331245,12.931439721999993,25.090054917999993,5.438064867000001
232,600,5,633497942,2.9335608160000106,3.0031223590000025,633497942,13.465236172000004,22.380857149999997,5.982060161999982
233,600,5,633489635,3.0419640490000006,3.1093208850000167,633489635,13.142221237000001,21.743493331000025,5.559308045000023
234,600,6,632194051,5.920932823999998,5.964286828000006,632194051,13.43492637300001,24.23853687700001,4.8826776800000005
235,600,6,632324438,2.874597470000026,2.9205442820000087,632324438,13.840727353000005,22.76190282600001,6.046578002999979
236,600,6,631276340,2.9037125560000163,2.972918071999999,631276340,13.463107941000032,22.790036181000033,6.4232156839999845
237,600,6,632324863,2.920169599000019,2.966750372000007,632324863,12.890515332999996,21.876562406000005,6.06587747399999
238,600,7,632808503,6.683305160999993,6.730606576999996,632808503,12.780689697,25.05547859,5.5914837320000075
239,600,7,633548838,2.861227700000029,2.9105072320000147,633548838,13.777705795999992,22.102562244000012,5.463628747999991
240,600,7,633541243,2.879233310000018,2.9259231839999984,633541243,13.135307073999968,22.95150360599996,6.936963221999974
241,600,7,632503212,2.9038041040000167,2.9532408389999887,632503212,13.81586722199998,21.771189927999984,5.051518601999987
242,600,8,632612456,6.347353947000002,6.410902161999999,632612456,12.969511673,24.985976043999997,5.669110423999996
243,600,8,632974563,2.885812818999966,2.956530240999996,632974563,13.28413753800001,22.36317423,6.193223873000022
244,600,8,632967820,2.863844297000014,2.917077823999989,632967820,13.149881319000002,21.70207191,5.6883462939999845
245,600,8,632975076,2.8544539920000034,2.8995191260000013,632975076,14.863434245999997,25.081487621999997,7.363599383999997
246,600,9,632286055,6.457884524000008,6.503805550999992,632286055,13.460894263,25.448430173,5.5296513859999905
247,600,9,633028833,3.013112963000026,3.058344151,633028833,12.942359702000005,21.268397421999993,5.312924756999962
248,600,9,633021892,2.913663775000032,2.9853879509999786,633021892,12.921551485999998,21.35410971099998,5.518894449999948
249,600,9,633029449,2.877909812999974,2.9242611329999875,633029449,13.429101245999988,23.700486427999977,7.393475369000015
250,600,10,632764158,6.139753039000006,6.209715142,632764158,14.015625270000001,25.753667415000002,5.598289105999996
251,600,10,633024867,2.997099746999993,3.0403714750000006,633024867,13.476813350000015,22.718541853000005,6.244628755999997
252,600,10,631968281,2.837475493999989,2.8842438920000006,631968281,13.982150770999993,22.110855033999997,5.291228769000014
253,600,10,633025315,2.83893892399999,2.8877521529999797,633025315,13.60030397700001,21.955550205999998,5.516307304999998
254,700,1,737256645,7.172514695999993,7.220737473999996,737256645,14.462564882999999,29.738687320999993,8.103607742000001
255,700,1,738695747,3.4195321689999787,3.467158077999983,738695747,14.523679094000016,24.942807638999994,6.9995963759999995
256,700,1,738701132,3.3900656999999796,3.435030774000012,738701132,15.264595320999973,25.60509212399998,6.950431103000028
257,700,1,738701421,3.3636979620000034,3.408593895999985,738701421,14.78928538400001,24.844293094000022,6.691309748000009
258,700,2,736994228,7.7900136769999975,7.857633241999999,736994228,14.890359829000005,29.812103559,7.131730052999998
259,700,2,738013918,3.4834107770000173,3.5269999390000066,738013918,15.81996485900001,26.551607418999993,7.248231782999966
260,700,2,738018385,3.2337098780000133,3.278955472000007,738018385,13.93229638599999,24.097418680999994,6.93141241699999
261,700,2,738019336,3.3220750039999984,3.368165005999998,738019336,15.173561413000016,26.377357682000024,7.88172126500001
262,700,3,737203691,7.548413399999994,7.5924122759999975,737203691,14.985641066,30.205491195,7.671436729000007
263,700,3,738409648,3.360991820000038,3.425538106999994,738409648,15.353523048,25.794550262,7.080035393999964
264,700,3,738411130,3.3258391500000357,3.3934633670000096,738411130,15.275610276999998,24.948597831,6.347148403999967
265,700,3,738416509,3.4267889580000315,3.477007719999989,738416509,15.42880072700001,26.43616006100001,7.580570375999969
266,700,4,738055413,7.569688993,7.640609476999991,738055413,15.435429950999989,30.49913112699999,7.494012183000002
267,700,4,736927596,3.3790140830000155,3.4235483690000024,736927596,14.567261424999998,24.202253788000007,6.255978279999994
268,700,4,736932321,3.382054595999989,3.4268989910000016,736932321,13.983674493999985,25.001026491999994,7.63529740200002
269,700,4,736932629,3.266904590000024,3.314990062000021,736932629,14.578016004999995,23.695313999000007,5.850393403999988
270,700,5,737223102,7.341332223000002,7.387050549000001,737223102,15.225488974000001,28.912089772999998,6.345268575999995
271,700,5,738439433,3.2136921549999897,3.2647166819999995,738439433,15.071847625999993,26.009118865999994,7.7235790850000114
272,700,5,738439957,3.313262443000042,3.358696275999989,738439957,15.464571612999976,25.40729218299998,6.629458126999964
273,700,5,738440242,3.3126706040000045,3.359137844000003,738440242,14.56131938499999,24.77015627,6.896166281000006
274,700,7,737191161,8.044615414999996,8.097190262999995,737191161,14.323919598000003,29.331551210999997,6.963016197999998
275,700,7,737823740,3.2393034090000015,3.2874523879999913,737823740,15.617527838,25.415871898000006,6.559040651000004
276,700,7,737824044,3.32941552799997,3.3793875579999906,737824044,15.400400779000023,25.505351089000015,6.7755347820000225
277,700,7,737824575,3.351541550000036,3.3981865659999926,737824575,15.509390685000028,26.045257256000014,7.18432502099995
278,700,8,737297280,7.428742446000001,7.476634970000006,737297280,14.483464471000005,27.878975632000007,5.966768715000001
279,700,8,738109120,3.4806225539999787,3.525108211999992,738109120,15.191882641000007,25.141295135000007,6.468789940000022
280,700,8,738109790,3.4885288460000083,3.5390127169999914,738109790,14.363687604000006,24.874305125000006,7.022088674999992
281,700,8,738110345,3.347758607000003,3.3934131990000083,738110345,14.288733157000024,24.762519278000013,7.126027513999986
282,700,9,737082070,8.296064221000002,8.346809725999996,737082070,15.046174766000007,30.505281578,7.163042590999993
283,700,9,738181112,3.724195562000034,3.7877760939999803,738181112,15.14852829100002,26.124790821000005,7.252066967999951
284,700,9,738186016,3.4721089739999798,3.5188354690000097,738186016,15.522795119999984,26.279194046999976,7.2842899530000125
285,700,9,738186877,3.1292276959999867,3.1746857480000017,738186877,15.64033028,25.05952689199998,6.289968915999992
286,700,10,737085222,7.174844407000002,7.222136352999996,737085222,14.829446456999989,29.057673464999993,7.053382601000003
287,700,10,738172466,3.31953826900002,3.391326090000007,738172466,15.606545286999989,26.000092892999987,7.074009336999978
288,700,10,738168458,3.194657142999972,3.2438136220000047,738168458,15.380839535000007,24.702899463000023,6.127402785000044
289,700,10,737123897,3.280776723000031,3.3272517940000057,737123897,14.994454451000024,24.13078561100002,5.855554436999967
290,800,1,844187824,8.209389589999994,8.255038232999993,844187824,16.069919882999997,31.910821268999996,7.631511796000005
291,800,1,843266147,3.65491367300001,3.700479076000022,843266147,16.081559740000017,27.620985596000025,7.884512182999998
292,800,1,843266486,3.9439412990000164,3.99041133999998,843266486,19.01184612200001,30.843416367999993,7.887628946999968
293,800,1,843270596,3.7110808610000277,3.7569327829999963,843270596,17.126543997000027,29.416652606000014,8.579027747999959
294,800,2,843609382,8.333986069999995,8.401327475999999,843609382,16.656080150000008,33.18233283600001,8.192266616000005
295,800,2,843052861,3.656884419999983,3.7263053990000117,843052861,17.142890042999994,29.83974791,9.039973447000023
296,800,2,843053045,3.7737359699999615,3.8204531809999764,843053045,16.207402634999994,27.754813224999992,7.773674620000037
297,800,2,843036951,3.715891612000007,3.7616305739999802,843036951,16.213813004000002,29.598441057000002,9.668736440999993
298,800,3,843156750,7.789924732000003,7.836867099999999,843156750,16.217045411,31.716883211000003,7.709913067999999
299,800,3,842985355,3.741287532000001,3.785883102000014,842985355,15.962673841000026,28.21451777500002,8.510556401999992
300,800,3,842985388,3.8538950969999632,3.8999729200000104,842985388,16.403111371000023,29.389998785000017,9.132992317000031
301,800,3,842985632,3.693835641000021,3.7388676180000004,842985632,15.867132466000015,27.725577403000017,8.16460929599998
302,800,5,843925985,8.526669926000004,8.572348086000005,843925985,17.131994037,32.966435523,7.307771559999999
303,800,5,843127838,3.8037062450000008,3.8540423519999933,843127838,16.354387068000023,28.342741490999998,8.184648177999975
304,800,5,843123590,3.700980360000017,3.748035982999994,843123590,16.988052322999977,29.957514285999963,9.26848160299997
305,800,5,843128432,3.649417247000031,3.695578716,843128432,18.326673443999994,30.929719283999987,8.953628592999962
306,800,6,844038077,8.674316366999996,8.745330029999991,844038077,17.213632341000007,33.931889021,8.043940313
307,800,6,842869612,3.7681872090000184,3.8141614249999805,842869612,16.189813375,28.332079771999986,8.374079187999968
308,800,6,842869653,3.7280048999999735,3.7728580790000024,842869653,16.761695177999968,28.11559708599998,7.625897008000038
309,800,6,842869885,3.6957422950000023,3.7434661489999996,842869885,15.843169706000026,27.789378845000016,8.250466843999988
310,800,7,843613506,8.57777488,8.623451429000006,843613506,16.361961848000007,31.859115972000005,6.919379243999998
311,800,7,843230589,3.760657755000011,3.8097869669999795,843230589,16.116169018999983,28.331466386999978,8.454639612999983
312,800,7,843235251,3.682606576000012,3.7510898639999937,843235251,15.755509784999987,27.898571887999992,8.460455526999993
313,800,7,843235649,3.763433024000051,3.8133898110000075,843235649,16.632946282000006,28.501836112000007,8.10545680599995
314,800,8,843485441,7.977130064999997,8.047994319000004,843485441,16.464204113000008,31.725596243000005,7.284262065
315,800,8,843202527,3.7325463180000042,3.8018368429999896,843202527,16.574897104,28.085246116999997,7.777802694999991
316,800,8,843206804,3.8287504930000296,3.875943166000013,843206804,15.940348711000013,27.576985416000014,7.807886211999971
317,800,8,843207032,3.742201577000003,3.788270836999999,843207032,17.123725223999998,28.750413709999975,7.884486908999975
318,800,9,843358771,8.616147192000007,8.682399546,843358771,16.086205770000007,32.663067631000004,7.960714668999991
319,800,9,841882680,3.9667854850000026,4.015731890000012,841882680,17.435635617999992,29.504535766000004,8.102114663000009
320,800,9,842931813,3.4950802689999705,3.5459058669999877,842931813,15.743792180000014,27.04884887,7.809976421000016
321,800,9,842932130,3.749343864000025,3.8007060470000056,842932130,16.523305747000023,28.108124703000016,7.835475091999967
322,900,1,948176978,10.010440860000003,10.056699834000007,948176978,18.47436252,36.00767635900001,7.522872979000006
323,900,1,949193491,4.237658265999983,4.281730652999983,949193491,18.228362035000004,31.396683281999998,8.930662981000012
324,900,1,949180143,4.151945525000031,4.197867408999997,949180143,18.145230311000006,31.780418739999988,9.483242903999951
325,900,1,949194595,4.062801082000021,4.108703491999989,949194595,17.444629235999997,29.926932558999994,8.419502240999975
326,900,2,948108131,8.941613013999998,9.009886963999996,948108131,17.508188200999996,35.39136657699999,8.941565361999999
327,900,2,948891771,4.123996392000038,4.1703740340000195,948891771,17.647249635999998,30.383210071000008,8.611964042999972
328,900,2,948892413,4.212537893999979,4.259617475999988,948892413,18.081797965999982,32.23281260099998,9.938476741000017
329,900,2,948892867,4.16343412599997,4.209506367000017,948892867,18.557272686000005,31.698773602000017,8.978066790000042
330,900,3,947518685,9.235175972,9.281570619999997,947518685,17.891911249000003,36.298383834000006,9.171296613000003
331,900,3,947417823,4.228237569999976,4.29707861899999,947417823,17.492539389,29.68800318999999,7.967226231000012
332,900,3,947418301,4.326475060000007,4.370611483999994,947418301,18.29327439300002,30.737438851000007,8.117689397999982
333,900,3,947418669,4.081720245999975,4.127142872999997,947418669,17.465339298999993,31.178706331,9.631646786000033
334,900,4,948769641,10.423412041999995,10.47070785799999,948769641,18.788124388,37.106834006999996,7.895297577000001
335,900,4,949441409,4.170084701999997,4.213878337000011,949441409,18.853890224000025,32.38726176600002,9.36328684
336,900,4,949433084,4.1246661540000105,4.170545438999994,949433084,17.63698268400003,29.84252073800002,8.080871899999977
337,900,4,949442854,4.428536605999966,4.475767128000001,949442854,18.345624216999994,30.690410805,7.916249982000039
338,900,5,948104805,9.503605757999999,9.550910522000002,948104805,18.387761318000003,36.548681050999996,8.657313974999994
339,900,5,948817442,4.21346090000003,4.2664201219999995,948817442,16.925141502000002,30.632261947000018,9.493659544999986
340,900,5,948817918,4.217642589000036,4.26545021299998,948817918,17.626810122000023,30.276802902000014,8.432350190999955
341,900,5,948818263,4.211900248999996,4.256980281000011,948818263,17.707557521999973,31.181512090999973,9.262054320000004
342,900,6,948264264,9.233750921999999,9.283224849,948264264,17.58348156400001,34.30685148700001,7.489619001000001
343,900,6,949007182,4.231279502000007,4.281294329000019,949007182,18.561567171999997,31.499978835000007,8.707132161000004
344,900,6,948999928,4.324337867999986,4.370745184000015,948999928,18.94629925999996,31.76493794299998,8.494300815000031
345,900,6,949008014,4.191015324999967,4.238968258,949008014,18.998419636999984,32.04787946899998,8.85844450700003
346,900,7,948676537,10.108825623999998,10.175595201999997,948676537,17.498349472,35.754837921000004,8.147662825000005
347,900,7,950040203,4.387251816999992,4.4312870340000075,950040203,18.457003818999993,31.818591803000004,8.974336167000018
348,900,7,950036787,4.30854111299999,4.354345327999994,950036787,19.065445221000004,32.431789431,9.057803097000004
349,900,7,950041218,4.247011550999957,4.291359816000011,950041218,18.15787726299999,31.760839401999988,9.355950588000042
350,900,8,948101232,9.507840295999998,9.556857275999995,948101232,17.734102412,35.475922358,8.233979650000002
351,900,8,949114597,4.115849582999999,4.161336706999975,949114597,18.564693604000013,31.493349169,8.812805981999986
352,900,8,949111080,4.156271340999979,4.200250614999987,949111080,18.734887595000004,30.480594456999995,7.589435521000013
353,900,8,949115651,4.267803842000035,4.314954416999996,949115651,18.393247418000016,31.512787885000023,8.851736624999972
354,900,9,947669051,9.54552999500001,9.617565393999996,947669051,17.83263355599999,36.309062964999995,8.930899413999995
355,900,9,948714331,3.9890424249999796,4.034138946000013,948714331,17.77813088299999,30.339701883000004,8.572528575000035
356,900,9,948714987,4.231844109000008,4.279404869999979,948714987,18.39551393000002,31.329300914000015,8.701942874999986
357,900,9,948715219,4.393609389000005,4.439888733000004,948715219,17.91478994099998,30.827103367999996,8.51870403800001
358,900,10,948348621,9.376548323999998,9.422620515999995,948348621,18.396353183000002,36.376066014,8.603164507000002
359,900,10,949387199,4.314880778999964,4.3627242229999865,949387199,17.955379976000017,32.81282405499999,10.542563300000012
360,900,10,949383821,4.0845031459999745,4.129813597999998,949383821,17.802044466000012,30.65982420200001,8.773276590000023
361,900,10,949388599,4.22625369299999,4.297560522999987,949388599,18.071123556000032,30.063156315000015,7.765779065999993
362,1000,1,1054485730,10.505384414999995,10.550581400000006,1054485730,19.785739688000007,40.921384346,10.630260243000002
363,1000,1,1052754519,4.648632786000007,4.69354756200002,1052754519,19.62941325899999,34.522293612,10.244247567000002
364,1000,1,1052772911,4.405895173000033,4.45126973699999,1052772911,20.73038277399999,34.909759631999975,9.77348168499995
365,1000,2,1052617897,10.316282919000002,10.361285379999991,1052617897,19.36580305999999,38.375047470999995,8.692961492000002
366,1000,2,1054446779,4.592548000000022,4.636843426999974,1054446779,19.527414303,33.89180600199998,9.771843698999959
367,1000,2,1054447152,4.707155811000007,4.751951198,1054447152,20.416738987000002,35.133354064,10.009459265999993
368,1000,2,1054447439,4.6317840289999594,4.702167634000006,1054447439,20.04150653299996,33.77392791499997,9.100637353000053
369,1000,3,1052479307,11.132553346999991,11.179850217000002,1052479307,19.906840885999998,39.39681149,8.357417257000009
370,1000,3,1054083867,4.63666466799998,4.681708593999986,1054083867,19.942085837999997,33.79795503,9.21920452400002
371,1000,3,1054084315,4.546195398000009,4.610887547999994,1054084315,19.200606088,32.267886651,8.521085164999988
372,1000,3,1054085106,4.682845267000005,4.732823764000017,1054085106,19.091207853999975,33.663113512999985,9.889060392000005
373,1000,4,1054181815,9.916960281000001,9.967116043999994,1054181815,19.588096230000005,38.272667771,8.767611259999995
374,1000,4,1052694896,4.791367797000021,4.8585186379999925,1052694896,19.004729176000012,33.59468793299999,9.798590959999956
375,1000,4,1052695646,4.608437615000014,4.65421101199999,1052695646,19.99743054000001,33.850991953999994,9.24512379899997
376,1000,4,1052693310,4.734141313999999,4.781742713999989,1052693310,21.097300974999996,34.40372664999998,8.572284360999987
377,1000,5,1053008405,10.585753869999998,10.661831385999996,1053008405,20.372405052000005,39.274067280000004,8.315908358000001
378,1000,5,1053249746,4.847866544999988,4.90812871,1053249746,20.633243373,35.59585362499999,10.114743707000002
379,1000,5,1054298574,4.589007046000006,4.63602078400001,1054298574,20.187910879000015,34.116726029000006,9.339808103999985
380,1000,5,1054299170,4.790578472999982,4.837413789999999,1054299170,20.35122576500001,33.71833532299999,8.576531085
381,1000,6,1052701044,10.501604006000008,10.549612968000005,1052701044,19.61944312,40.08831313900001,9.967266013
382,1000,6,1053779586,4.89442799699998,4.937581521999988,1053779586,18.808836052000004,34.803169424000004,11.09990537500002
383,1000,6,1053780159,4.572475537999992,4.639915311999999,1053780159,21.052049304999997,35.67821273500002,10.053687892000028
384,1000,6,1053780343,4.662087944000007,4.70749084000002,1053780343,19.97183345900001,34.495813465000026,9.86189206200001
385,1000,7,1054098295,10.683594987000006,10.731595778000006,1054098295,19.648934763,40.449178749999994,10.116648999999988
386,1000,7,1052331778,4.533651194000015,4.583573822000005,1052331778,21.001459865000015,33.662105247,8.12699418799997
387,1000,7,1052332062,4.53659213200001,4.582176486000009,1052332062,20.754843969000007,35.06053050800003,9.769094407000011
388,1000,7,1051283725,4.6183485829999995,4.663651998000006,1051283725,18.72395292600001,33.181015332000015,9.838713823000006
389,1000,8,1052974140,10.337036757999996,10.401328050000004,1052974140,19.839275423000004,39.918247456,9.741935275000003
390,1000,8,1054119169,4.672960199999977,4.71826255900001,1054119169,22.339967607999995,37.294988536000005,10.282060728000033
391,1000,8,1054122671,4.583856089999983,4.629990830000025,1054122671,20.392879459000028,34.483731465000034,9.506995916000022
392,1000,8,1054123769,4.553333057000032,4.599368442000014,1054123769,18.85802498299998,33.22614568099999,9.814787640999981
393,1000,9,1052319676,9.436540226999995,9.481670121000008,1052319676,19.261841555999993,38.447762313,9.74938053000001
394,1000,9,1054598567,4.917639688000008,4.966339237999989,1054598567,20.016442427000015,34.636079771,9.701997655999975
395,1000,9,1054599254,4.613345650000042,4.66253608300002,1054599254,19.836628781,33.560759394,9.110784962999958
396,1000,10,1052392955,10.406944826000007,10.454989292000008,1052392955,20.057000625,40.212145315,9.748199863999993
397,1000,10,1053472051,4.6553618900000515,4.703713345000011,1053472051,20.32185931500001,34.362828444,9.385607238999938
398,1000,10,1054508334,4.559606185000007,4.605476835000019,1054508334,20.061153786000034,34.11107390300003,9.490313931999992
