client,time,failure,host
111,0.000000,True,424
111,0.000000,True,424
111,0.000000,True,424
111,0.000000,True,424
111,0.000000,True,424
111,0.000000,True,424
111,0.000000,True,424
111,0.000000,True,424
111,0.000000,True,424
111,0.000000,True,424
111,0.000000,True,424
111,0.000000,True,424
111,0.000000,True,424
111,0.000000,True,424
111,0.000000,True,424
111,0.000000,True,424
111,0.000000,True,424
111,0.000000,True,424
111,0.000000,True,424
111,0.000000,True,424
111,0.000000,True,424
111,0.000000,True,424
111,0.000000,True,424
111,0.000000,True,424
111,0.000000,True,424
111,0.000000,True,424
111,0.000000,True,424
111,0.000000,True,424
111,0.000000,True,424
111,0.000000,True,424
111,0.000000,True,424
111,0.000000,True,424
111,0.000000,True,424
111,0.000000,True,424
111,0.000000,True,424
111,0.000000,True,424
111,0.000000,True,424
111,0.000000,True,424
111,0.000000,True,424
111,0.000000,True,424
111,0.000000,True,424
111,0.000000,True,424
111,0.000000,True,424
111,0.000000,True,424
111,0.000000,True,424
111,0.000000,True,424
111,0.000000,True,424
111,0.000000,True,424
111,0.000000,True,424
111,0.000000,True,424
111,0.000000,True,424
111,0.000000,True,424
111,0.000000,True,424
111,0.000000,True,424
111,0.000000,True,424
111,0.000000,True,424
111,0.000000,True,424
111,0.000000,True,424
111,0.000000,True,424
111,0.000000,True,424
111,0.000000,True,424
111,0.000000,True,424
111,0.000000,True,424
111,0.000000,True,424
111,0.000000,True,424
111,0.000000,True,424
111,0.000000,True,424
111,0.000000,True,424
111,0.000000,True,424
111,0.000000,True,424
111,0.000000,True,424
111,0.000000,True,424
111,0.000000,True,424
111,0.000000,True,424
111,0.000000,True,424
111,0.000000,True,424
111,0.000000,True,424
111,0.000000,True,424
111,0.000000,True,424
111,0.000000,True,424
111,0.000000,True,424
111,0.000000,True,424
111,0.000000,True,424
111,0.000000,True,424
111,0.000000,True,424
111,0.000000,True,424
111,0.000000,True,424
111,0.000000,True,424
111,0.000000,True,424
111,0.000000,True,424
111,0.000000,True,424
111,0.000000,True,424
111,0.000000,True,424
111,0.000000,True,424
111,0.000000,True,424
111,0.000000,True,424
111,0.000000,True,424
111,0.000000,True,424
111,0.000000,True,424
111,0.000000,True,424
111,0.000000,True,424
111,0.000000,True,424
111,0.000000,True,424
111,0.000000,True,424
111,0.000000,True,424
111,0.000000,True,424
111,0.000000,True,424
111,0.000000,True,424
111,0.000000,True,424
111,0.000000,True,424
111,0.000000,True,424
111,0.000000,True,424
111,0.000000,True,424
111,0.000000,True,424
111,0.000000,True,424
111,0.000000,True,424
111,0.000000,True,424
111,0.000000,True,424
111,0.000000,True,424
111,0.000000,True,424
111,0.000000,True,424
111,0.000000,True,424
111,0.000000,True,424
111,0.000000,True,424
111,0.000000,True,424
111,0.000000,True,424
111,0.000000,True,424
111,0.000000,True,424
111,0.000000,True,424
111,0.000000,True,424
111,0.000000,True,424
111,0.000000,True,424
111,0.000000,True,424
111,0.000000,True,424
111,0.000000,True,424
111,0.000000,True,424
111,0.000000,True,424
111,0.000000,True,424
111,0.000000,True,424
111,0.000000,True,424
111,0.000000,True,424
111,0.000000,True,424
111,0.000000,True,424
111,0.000000,True,424
111,0.000000,True,424
111,0.000000,True,424
111,0.000000,True,424
111,0.000000,True,424
111,0.000000,True,424
111,0.000000,True,424
111,0.000000,True,424
111,0.000000,True,424
111,0.000000,True,424
111,0.000000,True,424
111,0.000000,True,424
111,0.000000,True,424
111,0.000000,True,424
111,0.000000,True,424
111,0.000000,True,424
111,0.000000,True,424
111,0.000000,True,424
111,0.000000,True,424
111,0.000000,True,424
111,0.000000,True,424
111,0.000000,True,424
111,0.000000,True,424
111,0.000000,True,424
111,0.000000,True,424
111,0.000000,True,424
111,0.000000,True,424
111,0.000000,True,424
111,0.000000,True,424
111,0.000000,True,424
111,0.000000,True,424
111,0.000000,True,424
111,0.000000,True,424
111,0.000000,True,424
111,0.000000,True,424
111,0.000000,True,424
111,0.000000,True,424
111,0.000000,True,424
111,0.000000,True,424
111,0.000000,True,424
111,0.000000,True,424
111,0.000000,True,424
111,0.000000,True,424
111,0.000000,True,424
111,0.000000,True,424
111,0.000000,True,424
111,0.000000,True,424
111,0.000000,True,424
111,0.000000,True,424
111,0.000000,True,424
111,0.000000,True,424
111,0.000000,True,424
111,0.000000,True,424
111,0.000000,True,424
111,0.000000,True,424
111,0.000000,True,424
111,0.000000,True,424
111,0.000000,True,424
111,0.000000,True,424
111,0.000000,True,424
111,0.000000,True,424
111,0.000000,True,424
111,0.000000,True,424
111,0.000000,True,424
111,0.000000,True,424
111,0.000000,True,424
111,0.000000,True,424
111,0.000000,True,424
111,0.000000,True,424
111,0.000000,True,424
111,0.000000,True,424
111,0.000000,True,424
111,0.000000,True,424
111,0.000000,True,424
111,0.000000,True,424
111,0.074889,False,446
111,0.068909,False,446
111,0.024184,False,446
111,0.026166,False,446
111,0.046453,False,446
111,0.023618,False,446
111,0.026150,False,446
111,0.045054,False,446
111,0.029650,False,446
111,0.024215,False,446
111,0.051984,False,446
111,0.044920,False,446
111,0.042998,False,446
111,0.023065,False,446
111,0.023920,False,446
111,0.029828,False,446
111,0.024137,False,446
111,0.050123,False,446
111,0.046714,False,446
111,0.054693,False,446
111,0.000000,True,446
111,0.000000,True,446
111,0.360887,False,446
111,0.034158,False,446
111,0.022352,False,446
111,0.023419,False,446
111,0.036882,False,446
111,0.023285,False,446
111,0.030868,False,446
111,0.025447,False,446
111,0.023848,False,446
111,0.023757,False,446
111,0.024591,False,446
111,0.024149,False,446
111,0.031760,False,446
111,0.025145,False,446
111,0.024313,False,446
111,0.025751,False,446
111,0.031296,False,446
111,0.022019,False,446
111,0.024189,False,446
111,0.023103,False,446
111,0.031418,False,446
111,0.000000,True,446
111,0.000000,True,446
111,0.000000,True,446
111,0.125833,False,446
111,0.032514,False,446
111,0.023888,False,446
111,0.023438,False,446
111,0.042638,False,424
111,0.035704,False,424
111,0.020193,False,424
111,0.020103,False,424
111,0.031663,False,424
111,0.024577,False,424
111,0.021434,False,424
111,0.025020,False,424
111,0.021531,False,424
111,0.030534,False,424
111,0.031525,False,424
111,0.020065,False,424
111,0.022688,False,424
111,0.020159,False,424
111,0.020271,False,424
111,0.030887,False,424
111,0.023951,False,424
111,0.022155,False,424
111,0.022014,False,424
111,0.022188,False,424
111,0.028657,False,424
111,0.021428,False,424
111,0.020184,False,424
111,0.020651,False,424
111,0.020089,False,424
111,0.030603,False,424
111,0.035549,False,424
111,0.019716,False,424
111,0.025139,False,424
111,0.026419,False,424
111,0.031588,False,424
111,0.035585,False,424
111,0.021700,False,424
111,0.028658,False,424
111,0.032458,False,424
111,0.031858,False,424
111,0.186005,False,424
111,0.410823,False,424
111,0.031925,False,424
111,0.020728,False,424
111,0.034453,False,424
111,0.032807,False,424
111,0.034910,False,424
111,0.028756,False,424
111,0.021413,False,424
111,0.031796,False,424
111,0.023004,False,424
111,0.025504,False,424
111,0.031813,False,424
111,0.032866,False,424
111,0.021656,False,424
111,0.034469,False,424
111,0.021918,False,424
111,0.110354,False,468
111,0.055791,False,468
111,0.029166,False,468
111,0.051734,False,468
111,0.029022,False,468
111,0.029068,False,468
111,0.027986,False,468
111,0.028515,False,468
111,0.039188,False,468
111,0.029720,False,468
111,0.027802,False,468
111,0.042189,False,468
111,0.028772,False,468
111,0.030367,False,468
111,0.029474,False,468
111,0.028552,False,468
111,0.037197,False,468
111,0.040177,False,468
111,0.028329,False,468
111,0.181897,False,468
111,0.000000,True,468
111,0.000000,True,468
111,0.296616,False,468
111,0.034436,False,468
111,0.035106,False,468
111,0.036140,False,468
111,0.044666,False,468
111,0.044651,False,468
111,0.044516,False,468
111,0.034065,False,468
111,0.034911,False,468
111,0.043130,False,468
111,0.034460,False,468
111,0.035210,False,468
111,0.044442,False,468
111,0.046554,False,468
111,0.043122,False,468
111,0.034249,False,468
111,0.041285,False,468
111,0.033514,False,468
111,0.034773,False,468
111,0.049699,False,468
111,0.058362,False,446
111,0.042664,False,446
111,0.045300,False,446
111,0.055253,False,446
111,0.038426,False,446
111,0.030978,False,446
111,0.033609,False,446
111,0.046235,False,446
111,0.031592,False,446
111,0.031249,False,446
111,0.032153,False,446
111,0.040529,False,446
111,0.031393,False,446
111,0.030903,False,446
111,0.045720,False,446
111,0.031396,False,446
111,0.043377,False,446
111,0.031701,False,446
111,0.031509,False,446
111,0.042175,False,446
111,0.030276,False,446
111,0.031464,False,446
111,0.031946,False,446
111,0.030739,False,446
111,0.032916,False,446
111,0.209139,False,446
111,0.259384,False,446
111,0.000000,True,446
111,0.142032,False,446
111,0.042335,False,446
111,0.030892,False,446
111,0.031009,False,446
111,0.031279,False,446
111,0.032700,False,446
111,0.046667,False,446
111,0.030621,False,446
111,0.030657,False,446
111,0.046868,False,446
111,0.032022,False,446
111,0.040326,False,446
111,0.029731,False,446
111,0.030425,False,446
111,0.041632,False,446
111,0.041716,False,446
111,0.031286,False,446
111,0.031805,False,446
111,0.036294,False,446
111,0.038488,False,446
111,0.046215,False,423
111,0.035728,False,423
111,0.037274,False,423
111,0.017372,False,423
111,0.023033,False,423
111,0.015979,False,423
111,0.023792,False,423
111,0.014367,False,423
111,0.025232,False,423
111,0.016118,False,423
111,0.023866,False,423
111,0.015932,False,423
111,0.015128,False,423
111,0.014849,False,423
111,0.016828,False,423
111,0.443374,False,423
111,0.184409,False,423
111,0.399601,False,423
111,0.014106,False,423
111,0.027232,False,423
111,0.021828,False,423
111,0.023468,False,423
111,0.014910,False,423
111,0.016446,False,423
111,0.015845,False,423
111,0.015303,False,423
111,0.014708,False,423
111,0.014443,False,423
111,0.014118,False,423
111,0.014906,False,423
111,0.022932,False,423
111,0.023923,False,423
111,0.016271,False,423
111,0.016153,False,423
111,0.017578,False,423
111,0.024170,False,423
111,0.023931,False,423
111,0.014328,False,423
111,0.000000,True,423
111,0.000000,True,423
111,0.000000,True,423
111,0.000000,True,423
111,0.109789,False,423
111,0.020358,False,423
111,0.019967,False,423
111,0.014815,False,423
111,0.014649,False,423
111,0.028793,False,423
111,0.015735,False,423
111,0.022448,False,423
111,0.015609,False,423
111,0.023842,False,423
111,0.027894,False,423
111,0.024420,False,423
111,0.013912,False,423
111,0.014457,False,423
111,0.024608,False,423
111,0.023944,False,423
111,0.014619,False,423
111,0.019803,False,423
111,0.024451,False,423
111,0.014917,False,423
111,0.034687,False,423
111,0.000000,True,423
111,0.000000,True,423
111,0.393924,False,423
111,0.028232,False,423
111,0.014280,False,423
111,0.021480,False,423
111,0.014239,False,423
111,0.014841,False,423
111,0.022068,False,423
111,0.014085,False,423
111,0.013138,False,423
111,0.027100,False,423
111,0.028164,False,423
111,0.022006,False,423
111,0.015797,False,423
111,0.012627,False,423
111,0.022809,False,423
111,0.015810,False,423
111,0.013655,False,423
111,0.016159,False,423
111,0.023126,False,423
111,0.013650,False,423
111,0.015601,False,423
111,0.148242,False,423
111,0.136629,False,423
111,0.000000,True,423
111,0.000000,True,423
111,0.102280,False,423
111,0.015251,False,423
111,0.015180,False,423
111,0.014683,False,423
111,0.017321,False,423
111,0.024085,False,423
111,0.014326,False,423
111,0.013210,False,423
111,0.047657,False,445
111,0.028459,False,445
111,0.033157,False,445
111,0.026768,False,445
111,0.029182,False,445
111,0.017810,False,445
111,0.019343,False,445
111,0.019196,False,445
111,0.019453,False,445
111,0.019545,False,445
111,0.017971,False,445
111,0.019093,False,445
111,0.021498,False,445
111,0.020491,False,445
111,0.021731,False,445
111,0.021538,False,445
111,0.020159,False,445
111,0.023674,False,445
111,0.025548,False,445
111,0.263667,False,445
111,0.097323,False,445
111,0.023071,False,445
111,0.020473,False,445
111,0.022190,False,445
111,0.023790,False,445
111,0.021733,False,445
111,0.021566,False,445
111,0.022056,False,445
111,0.021755,False,445
111,0.021148,False,445
111,0.021194,False,445
111,0.021260,False,445
111,0.029940,False,445
111,0.020928,False,445
111,0.021562,False,445
111,0.037194,False,445
111,0.030863,False,445
111,0.021106,False,445
111,0.021783,False,445
111,0.020727,False,445
111,0.023468,False,445
111,0.020802,False,445
111,0.029059,False,445
111,0.022826,False,445
111,0.000000,True,445
111,0.000000,True,445
111,0.229913,False,445
111,0.031367,False,445
111,0.030400,False,445
111,0.034304,False,445
111,0.021814,False,445
111,0.019903,False,445
111,0.021570,False,445
111,0.036305,False,445
111,0.019185,False,445
111,0.035094,False,445
111,0.020103,False,445
111,0.020816,False,445
111,0.034485,False,445
111,0.024730,False,445
111,0.021270,False,445
111,0.021623,False,445
111,0.021865,False,445
111,0.024386,False,445
111,0.020172,False,445
111,0.029903,False,445
111,0.025419,False,445
111,0.000000,True,445
111,0.000000,True,445
111,0.000000,True,445
111,0.080414,False,445
111,0.021944,False,445
111,0.019471,False,445
111,0.036204,False,445
111,0.029857,False,445
111,0.040852,False,445
111,0.034598,False,445
111,0.022712,False,445
111,0.028542,False,445
111,0.020860,False,445
111,0.028744,False,445
111,0.034118,False,445
111,0.030896,False,445
111,0.019668,False,445
111,0.029971,False,445
111,0.020909,False,445
111,0.023480,False,445
111,0.019001,False,445
111,0.021021,False,445
111,0.020878,False,445
111,0.059456,False,445
111,0.020321,False,445
111,0.000000,True,445
111,0.000000,True,445
111,0.232515,False,445
111,0.023615,False,445
111,0.031837,False,445
111,0.038530,False,423
111,0.026661,False,423
111,0.035962,False,423
111,0.018087,False,423
111,0.026834,False,423
111,0.017885,False,423
111,0.028285,False,423
111,0.020006,False,423
111,0.017547,False,423
111,0.029665,False,423
111,0.016821,False,423
111,0.018902,False,423
111,0.018171,False,423
111,0.018380,False,423
111,0.024981,False,423
111,0.018340,False,423
111,0.018229,False,423
111,0.129644,False,423
111,0.022513,False,423
111,0.246688,False,423
111,0.033508,False,423
111,0.192037,False,423
111,0.018628,False,423
111,0.022095,False,423
111,0.017987,False,423
111,0.018686,False,423
111,0.018442,False,423
111,0.018802,False,423
111,0.017012,False,423
111,0.019082,False,423
111,0.017898,False,423
111,0.029056,False,423
111,0.017651,False,423
111,0.018903,False,423
111,0.019472,False,423
111,0.018054,False,423
111,0.024862,False,423
111,0.018485,False,423
111,0.019271,False,423
111,0.020016,False,423
111,0.029873,False,423
111,0.019171,False,423
111,0.082665,False,423
111,0.158208,False,423
111,0.019494,False,423
111,0.000000,True,423
111,0.216602,False,423
111,0.018614,False,423
111,0.019277,False,423
111,0.018077,False,423
111,0.019385,False,423
111,0.017793,False,423
111,0.018640,False,423
111,0.019749,False,423
111,0.020972,False,423
111,0.019125,False,423
111,0.020993,False,423
111,0.019014,False,423
111,0.020810,False,423
111,0.017737,False,423
111,0.019432,False,423
111,0.020215,False,423
111,0.028620,False,423
111,0.017736,False,423
111,0.026313,False,423
111,0.019523,False,423
111,0.019933,False,423
111,0.260989,False,423
111,0.161003,False,423
111,0.000000,True,423
111,0.377073,False,423
111,0.031141,False,423
111,0.017558,False,423
111,0.018830,False,423
111,0.018294,False,423
111,0.018920,False,423
111,0.019433,False,423
111,0.020401,False,423
111,0.018254,False,423
111,0.019876,False,423
111,0.017407,False,423
111,0.018366,False,423
111,0.022793,False,423
111,0.031383,False,423
111,0.018205,False,423
111,0.021717,False,423
111,0.020385,False,423
111,0.017451,False,423
111,0.026184,False,423
111,0.018895,False,423
111,0.016570,False,423
111,0.000000,True,423
111,0.000000,True,423
111,0.000000,True,423
111,0.131049,False,423
111,0.018368,False,423
111,0.028138,False,423
111,0.027803,False,423
111,0.019693,False,423
111,0.019549,False,423
111,0.017501,False,423
111,0.016554,False,423
111,0.026803,False,423
111,0.016608,False,423
111,0.017487,False,423
111,0.017797,False,423
111,0.016675,False,423
111,0.031581,False,423
111,0.017184,False,423
111,0.018174,False,423
111,0.019835,False,423
111,0.035060,False,423
111,0.019413,False,423
111,0.041532,False,445
111,0.028010,False,445
111,0.032001,False,445
111,0.035508,False,445
158,0.000000,True,424
158,0.000000,True,424
158,0.000000,True,424
158,0.000000,True,424
158,0.000000,True,424
158,0.000000,True,424
158,0.000000,True,424
158,0.000000,True,424
158,0.000000,True,424
158,0.000000,True,424
158,0.000000,True,424
158,0.000000,True,424
158,0.000000,True,424
158,0.000000,True,424
158,0.000000,True,424
158,0.000000,True,424
158,0.000000,True,424
158,0.000000,True,424
158,0.000000,True,424
158,0.000000,True,424
158,0.000000,True,424
158,0.000000,True,424
158,0.000000,True,424
158,0.000000,True,424
158,0.000000,True,424
158,0.000000,True,424
158,0.000000,True,424
158,0.000000,True,424
158,0.000000,True,424
158,0.000000,True,424
158,0.000000,True,424
158,0.000000,True,424
158,0.000000,True,424
158,0.000000,True,424
158,0.000000,True,424
158,0.000000,True,424
158,0.000000,True,424
158,0.000000,True,424
158,0.000000,True,424
158,0.000000,True,424
158,0.000000,True,424
158,0.000000,True,424
158,0.000000,True,424
158,0.000000,True,424
158,0.000000,True,424
158,0.000000,True,424
158,0.000000,True,424
158,0.000000,True,424
158,0.000000,True,424
158,0.000000,True,424
158,0.000000,True,424
158,0.000000,True,424
158,0.000000,True,424
158,0.000000,True,424
158,0.000000,True,424
158,0.000000,True,424
158,0.000000,True,424
158,0.000000,True,424
158,0.000000,True,424
158,0.000000,True,424
158,0.000000,True,424
158,0.000000,True,424
158,0.000000,True,424
158,0.000000,True,424
158,0.000000,True,424
158,0.000000,True,424
158,0.000000,True,424
158,0.000000,True,424
158,0.000000,True,424
158,0.000000,True,424
158,0.000000,True,424
158,0.000000,True,424
158,0.000000,True,424
158,0.000000,True,424
158,0.000000,True,424
158,0.000000,True,424
158,0.000000,True,424
158,0.000000,True,424
158,0.000000,True,424
158,0.000000,True,424
158,0.000000,True,424
158,0.000000,True,424
158,0.000000,True,424
158,0.000000,True,424
158,0.000000,True,424
158,0.000000,True,424
158,0.000000,True,424
158,0.000000,True,424
158,0.000000,True,424
158,0.000000,True,424
158,0.000000,True,424
158,0.000000,True,424
158,0.000000,True,424
158,0.000000,True,424
158,0.000000,True,424
158,0.000000,True,424
158,0.000000,True,424
158,0.000000,True,424
158,0.000000,True,424
158,0.000000,True,424
158,0.000000,True,424
158,0.000000,True,424
158,0.000000,True,424
158,0.000000,True,424
158,0.000000,True,424
158,0.000000,True,424
158,0.000000,True,424
158,0.000000,True,424
158,0.000000,True,424
158,0.000000,True,424
158,0.000000,True,424
158,0.000000,True,424
158,0.000000,True,424
158,0.000000,True,424
158,0.000000,True,424
158,0.000000,True,424
158,0.000000,True,424
158,0.000000,True,424
158,0.000000,True,424
158,0.000000,True,424
158,0.000000,True,424
158,0.000000,True,424
158,0.000000,True,424
158,0.000000,True,424
158,0.000000,True,424
158,0.000000,True,424
158,0.000000,True,424
158,0.000000,True,424
158,0.000000,True,424
158,0.000000,True,424
158,0.000000,True,424
158,0.000000,True,424
158,0.000000,True,424
158,0.000000,True,424
158,0.000000,True,424
158,0.000000,True,424
158,0.000000,True,424
158,0.000000,True,424
158,0.000000,True,424
158,0.000000,True,424
158,0.000000,True,424
158,0.000000,True,424
158,0.000000,True,424
158,0.000000,True,424
158,0.000000,True,424
158,0.000000,True,424
158,0.000000,True,424
158,0.000000,True,424
158,0.000000,True,424
158,0.000000,True,424
158,0.000000,True,424
158,0.000000,True,424
158,0.000000,True,424
158,0.000000,True,424
158,0.000000,True,424
158,0.000000,True,424
158,0.000000,True,424
158,0.000000,True,424
158,0.000000,True,424
158,0.000000,True,424
158,0.000000,True,424
158,0.000000,True,424
158,0.000000,True,424
158,0.000000,True,424
158,0.000000,True,424
158,0.000000,True,424
158,0.000000,True,424
158,0.000000,True,424
158,0.000000,True,424
158,0.000000,True,424
158,0.000000,True,424
158,0.000000,True,424
158,0.000000,True,424
158,0.000000,True,424
158,0.000000,True,424
158,0.000000,True,424
158,0.000000,True,424
158,0.000000,True,424
158,0.000000,True,424
158,0.000000,True,424
158,0.000000,True,424
158,0.000000,True,424
158,0.000000,True,424
158,0.000000,True,424
158,0.000000,True,424
158,0.000000,True,424
158,0.000000,True,424
158,0.000000,True,424
158,0.000000,True,424
158,0.000000,True,424
158,0.000000,True,424
158,0.000000,True,424
158,0.000000,True,424
158,0.000000,True,424
158,0.000000,True,424
158,0.000000,True,424
158,0.000000,True,424
158,0.000000,True,424
158,0.000000,True,424
158,0.000000,True,424
158,0.000000,True,424
158,0.000000,True,424
158,0.000000,True,424
158,0.000000,True,424
158,0.000000,True,424
158,0.000000,True,424
158,0.000000,True,424
158,0.000000,True,424
158,0.000000,True,424
158,0.000000,True,424
158,0.000000,True,424
158,0.000000,True,424
158,0.000000,True,424
158,0.000000,True,424
158,0.000000,True,424
158,0.000000,True,424
158,0.000000,True,424
158,0.000000,True,424
158,0.000000,True,424
158,0.051591,False,446
158,0.018615,False,446
158,0.017980,False,446
158,0.032241,False,446
158,0.017806,False,446
158,0.018376,False,446
158,0.016928,False,446
158,0.019144,False,446
158,0.018455,False,446
158,0.019766,False,446
158,0.018266,False,446
158,0.028633,False,446
158,0.021018,False,446
158,0.016152,False,446
158,0.017398,False,446
158,0.017772,False,446
158,0.027926,False,446
158,0.018645,False,446
158,0.017284,False,446
158,0.000000,True,446
158,0.000000,True,446
158,0.318659,False,446
158,0.016152,False,446
158,0.016633,False,446
158,0.022383,False,446
158,0.046081,False,446
158,0.020974,False,446
158,0.023357,False,446
158,0.022710,False,446
158,0.020336,False,446
158,0.021389,False,446
158,0.021074,False,446
158,0.021995,False,446
158,0.022716,False,446
158,0.021555,False,446
158,0.023149,False,446
158,0.024530,False,446
158,0.023428,False,446
158,0.022240,False,446
158,0.023715,False,446
158,0.023090,False,446
158,0.021663,False,446
158,0.000000,True,446
158,0.000000,True,446
158,0.000000,True,446
158,0.153066,False,446
158,0.033062,False,446
158,0.031404,False,446
158,0.030839,False,446
158,0.044629,False,424
158,0.039067,False,424
158,0.034478,False,424
158,0.049036,False,424
158,0.060804,False,424
158,0.066354,False,424
158,0.036123,False,424
158,0.045932,False,424
158,0.035086,False,424
158,0.044707,False,424
158,0.053516,False,424
158,0.035637,False,424
158,0.036893,False,424
158,0.035853,False,424
158,0.035019,False,424
158,0.036094,False,424
158,0.033803,False,424
158,0.034903,False,424
158,0.035075,False,424
158,0.037358,False,424
158,0.040441,False,424
158,0.034303,False,424
158,0.035831,False,424
158,0.034252,False,424
158,0.034692,False,424
158,0.035667,False,424
158,0.034947,False,424
158,0.034795,False,424
158,0.043031,False,424
158,0.062533,False,424
158,0.034284,False,424
158,0.062775,False,424
158,0.036396,False,424
158,0.047541,False,424
158,0.038122,False,424
158,0.040386,False,424
158,0.202708,False,424
158,0.455774,False,424
158,0.034516,False,424
158,0.034615,False,424
158,0.044492,False,424
158,0.036250,False,424
158,0.035695,False,424
158,0.036482,False,424
158,0.034896,False,424
158,0.035817,False,424
158,0.036202,False,424
158,0.034147,False,424
158,0.033933,False,424
158,0.035944,False,424
158,0.034565,False,424
158,0.043995,False,424
158,0.063075,False,424
158,0.045840,False,424
158,0.050966,False,468
158,0.038257,False,468
158,0.043610,False,468
158,0.028962,False,468
158,0.028574,False,468
158,0.035672,False,468
158,0.028436,False,468
158,0.029418,False,468
158,0.029899,False,468
158,0.028955,False,468
158,0.042280,False,468
158,0.028245,False,468
158,0.027762,False,468
158,0.029508,False,468
158,0.028788,False,468
158,0.029452,False,468
158,0.038766,False,468
158,0.028825,False,468
158,0.204391,False,468
158,0.000000,True,468
158,0.000000,True,468
158,0.317962,False,468
158,0.042911,False,468
158,0.037874,False,468
158,0.027419,False,468
158,0.031843,False,468
158,0.030832,False,468
158,0.030171,False,468
158,0.045063,False,468
158,0.033310,False,468
158,0.033860,False,468
158,0.030874,False,468
158,0.031552,False,468
158,0.033576,False,468
158,0.044031,False,468
158,0.044566,False,468
158,0.030534,False,468
158,0.041094,False,468
158,0.029650,False,468
158,0.030482,False,468
158,0.030646,False,468
158,0.054263,False,446
158,0.063633,False,446
158,0.055334,False,446
158,0.095204,False,446
158,0.027055,False,446
158,0.027723,False,446
158,0.026020,False,446
158,0.027618,False,446
158,0.027203,False,446
158,0.037659,False,446
158,0.029114,False,446
158,0.030700,False,446
158,0.027944,False,446
158,0.039064,False,446
158,0.034805,False,446
158,0.027128,False,446
158,0.040534,False,446
158,0.027396,False,446
158,0.028659,False,446
158,0.039116,False,446
158,0.026229,False,446
158,0.035963,False,446
158,0.034897,False,446
158,0.027103,False,446
158,0.027357,False,446
158,0.248816,False,446
158,0.274316,False,446
158,0.000000,True,446
158,0.125759,False,446
158,0.028050,False,446
158,0.026571,False,446
158,0.027381,False,446
158,0.027379,False,446
158,0.027190,False,446
158,0.036213,False,446
158,0.027777,False,446
158,0.038979,False,446
158,0.041248,False,446
158,0.027998,False,446
158,0.027098,False,446
158,0.034918,False,446
158,0.027520,False,446
158,0.026320,False,446
158,0.027239,False,446
158,0.027417,False,446
158,0.035892,False,446
158,0.034596,False,446
158,0.027259,False,446
158,0.044999,False,423
158,0.032643,False,423
158,0.023198,False,423
158,0.020231,False,423
158,0.019694,False,423
158,0.027688,False,423
158,0.018724,False,423
158,0.030861,False,423
158,0.019836,False,423
158,0.022355,False,423
158,0.019397,False,423
158,0.021842,False,423
158,0.019543,False,423
158,0.019880,False,423
158,0.019268,False,423
158,0.467281,False,423
158,0.204256,False,423
158,0.032793,False,423
158,0.027138,False,423
158,0.031198,False,423
158,0.023131,False,423
158,0.020942,False,423
158,0.018271,False,423
158,0.017953,False,423
158,0.019881,False,423
158,0.019238,False,423
158,0.018665,False,423
158,0.026987,False,423
158,0.025601,False,423
158,0.016234,False,423
158,0.018851,False,423
158,0.027181,False,423
158,0.018366,False,423
158,0.018543,False,423
158,0.017794,False,423
158,0.020838,False,423
158,0.018099,False,423
158,0.018442,False,423
158,0.000000,True,423
158,0.000000,True,423
158,0.000000,True,423
158,0.000000,True,423
158,0.125578,False,423
158,0.018047,False,423
158,0.027301,False,423
158,0.020328,False,423
158,0.019115,False,423
158,0.020287,False,423
158,0.018554,False,423
158,0.027671,False,423
158,0.020232,False,423
158,0.019001,False,423
158,0.030135,False,423
158,0.028396,False,423
158,0.017670,False,423
158,0.019412,False,423
158,0.018972,False,423
158,0.019617,False,423
158,0.019453,False,423
158,0.018388,False,423
158,0.025769,False,423
158,0.018033,False,423
158,0.049793,False,423
158,0.000000,True,423
158,0.000000,True,423
158,0.385167,False,423
158,0.041967,False,423
158,0.020478,False,423
158,0.017708,False,423
158,0.018156,False,423
158,0.026764,False,423
158,0.026348,False,423
158,0.019478,False,423
158,0.024748,False,423
158,0.016471,False,423
158,0.042682,False,423
158,0.016471,False,423
158,0.050605,False,423
158,0.018439,False,423
158,0.018246,False,423
158,0.029586,False,423
158,0.018173,False,423
158,0.018728,False,423
158,0.020625,False,423
158,0.025374,False,423
158,0.018575,False,423
158,0.152316,False,423
158,0.224345,False,423
158,0.000000,True,423
158,0.000000,True,423
158,0.076082,False,423
158,0.016792,False,423
158,0.018142,False,423
158,0.017638,False,423
158,0.017342,False,423
158,0.019319,False,423
158,0.025516,False,423
158,0.029080,False,423
158,0.046381,False,445
158,0.014785,False,445
158,0.044399,False,445
158,0.018618,False,445
158,0.021777,False,445
158,0.027562,False,445
158,0.015167,False,445
158,0.013725,False,445
158,0.014302,False,445
158,0.016167,False,445
158,0.027098,False,445
158,0.013107,False,445
158,0.014990,False,445
158,0.014054,False,445
158,0.022233,False,445
158,0.014972,False,445
158,0.027147,False,445
158,0.015484,False,445
158,0.026425,False,445
158,0.288181,False,445
158,0.121891,False,445
158,0.019344,False,445
158,0.016398,False,445
158,0.014645,False,445
158,0.014890,False,445
158,0.013737,False,445
158,0.013688,False,445
158,0.013427,False,445
158,0.026918,False,445
158,0.014335,False,445
158,0.014006,False,445
158,0.014329,False,445
158,0.018639,False,445
158,0.013823,False,445
158,0.013652,False,445
158,0.026243,False,445
158,0.014837,False,445
158,0.013646,False,445
158,0.015264,False,445
158,0.013929,False,445
158,0.013426,False,445
158,0.015482,False,445
158,0.017001,False,445
158,0.016224,False,445
158,0.000000,True,445
158,0.000000,True,445
158,0.209871,False,445
158,0.023811,False,445
158,0.014725,False,445
158,0.013372,False,445
158,0.013905,False,445
158,0.025973,False,445
158,0.013694,False,445
158,0.014680,False,445
158,0.016912,False,445
158,0.014271,False,445
158,0.014418,False,445
158,0.029048,False,445
158,0.030668,False,445
158,0.030236,False,445
158,0.015364,False,445
158,0.014590,False,445
158,0.015160,False,445
158,0.017424,False,445
158,0.018001,False,445
158,0.017015,False,445
158,0.029414,False,445
158,0.000000,True,445
158,0.000000,True,445
158,0.000000,True,445
158,0.073936,False,445
158,0.045488,False,445
158,0.045252,False,445
158,0.040987,False,445
158,0.016747,False,445
158,0.016953,False,445
158,0.016250,False,445
158,0.051111,False,445
158,0.017546,False,445
158,0.019235,False,445
158,0.018611,False,445
158,0.020497,False,445
158,0.016861,False,445
158,0.020311,False,445
158,0.018910,False,445
158,0.019909,False,445
158,0.018756,False,445
158,0.018637,False,445
158,0.016907,False,445
158,0.018521,False,445
158,0.054090,False,445
158,0.017464,False,445
158,0.000000,True,445
158,0.000000,True,445
158,0.207697,False,445
158,0.017225,False,445
158,0.019145,False,445
158,0.026227,False,423
158,0.025447,False,423
158,0.017425,False,423
158,0.015984,False,423
158,0.019269,False,423
158,0.013431,False,423
158,0.014998,False,423
158,0.016060,False,423
158,0.017313,False,423
158,0.023281,False,423
158,0.014181,False,423
158,0.015826,False,423
158,0.016496,False,423
158,0.014369,False,423
158,0.014781,False,423
158,0.015776,False,423
158,0.020921,False,423
158,0.014761,False,423
158,0.016939,False,423
158,0.263372,False,423
158,0.059054,False,423
158,0.237762,False,423
158,0.013888,False,423
158,0.016635,False,423
158,0.012831,False,423
158,0.025149,False,423
158,0.015273,False,423
158,0.016168,False,423
158,0.014207,False,423
158,0.014301,False,423
158,0.013594,False,423
158,0.017911,False,423
158,0.014681,False,423
158,0.014580,False,423
158,0.015412,False,423
158,0.015884,False,423
158,0.021328,False,423
158,0.018333,False,423
158,0.016592,False,423
158,0.014263,False,423
158,0.018774,False,423
158,0.025013,False,423
158,0.070463,False,423
158,0.178262,False,423
158,0.014968,False,423
158,0.000000,True,423
158,0.214499,False,423
158,0.013662,False,423
158,0.013714,False,423
158,0.024817,False,423
158,0.015541,False,423
158,0.013761,False,423
158,0.024377,False,423
158,0.019866,False,423
158,0.017543,False,423
158,0.016151,False,423
158,0.015657,False,423
158,0.023568,False,423
158,0.016610,False,423
158,0.016488,False,423
158,0.015427,False,423
158,0.023556,False,423
158,0.023747,False,423
158,0.015083,False,423
158,0.023464,False,423
158,0.014387,False,423
158,0.023901,False,423
158,0.024190,False,423
158,0.195653,False,423
158,0.000000,True,423
158,0.432483,False,423
158,0.022369,False,423
158,0.016560,False,423
158,0.017366,False,423
158,0.013410,False,423
158,0.014721,False,423
158,0.014924,False,423
158,0.022800,False,423
158,0.013824,False,423
158,0.016239,False,423
158,0.022875,False,423
158,0.021953,False,423
158,0.022786,False,423
158,0.026274,False,423
158,0.014103,False,423
158,0.017359,False,423
158,0.029767,False,423
158,0.015423,False,423
158,0.015119,False,423
158,0.013799,False,423
158,0.014094,False,423
158,0.000000,True,423
158,0.000000,True,423
158,0.000000,True,423
158,0.189210,False,423
158,0.013550,False,423
158,0.013736,False,423
158,0.014762,False,423
158,0.014157,False,423
158,0.016275,False,423
158,0.021723,False,423
158,0.014958,False,423
158,0.020600,False,423
158,0.014078,False,423
158,0.013453,False,423
158,0.013850,False,423
158,0.014112,False,423
158,0.027820,False,423
158,0.023254,False,423
158,0.016571,False,423
158,0.027387,False,423
158,0.025243,False,423
158,0.022272,False,423
158,0.017595,False,445
158,0.028536,False,445
158,0.000000,True,445
158,0.048117,False,445
158,0.020698,False,445
44,0.000000,True,424
44,0.000000,True,424
44,0.000000,True,424
44,0.000000,True,424
44,0.000000,True,424
44,0.000000,True,424
44,0.000000,True,424
44,0.000000,True,424
44,0.000000,True,424
44,0.000000,True,424
44,0.000000,True,424
44,0.000000,True,424
44,0.000000,True,424
44,0.000000,True,424
44,0.000000,True,424
44,0.000000,True,424
44,0.000000,True,424
44,0.000000,True,424
44,0.000000,True,424
44,0.000000,True,424
44,0.000000,True,424
44,0.000000,True,424
44,0.000000,True,424
44,0.000000,True,424
44,0.000000,True,424
44,0.000000,True,424
44,0.000000,True,424
44,0.000000,True,424
44,0.000000,True,424
44,0.000000,True,424
44,0.000000,True,424
44,0.000000,True,424
44,0.000000,True,424
44,0.000000,True,424
44,0.000000,True,424
44,0.000000,True,424
44,0.000000,True,424
44,0.000000,True,424
44,0.000000,True,424
44,0.000000,True,424
44,0.000000,True,424
44,0.000000,True,424
44,0.000000,True,424
44,0.000000,True,424
44,0.000000,True,424
44,0.000000,True,424
44,0.000000,True,424
44,0.000000,True,424
44,0.000000,True,424
44,0.000000,True,424
44,0.000000,True,424
44,0.000000,True,424
44,0.000000,True,424
44,0.000000,True,424
44,0.000000,True,424
44,0.000000,True,424
44,0.000000,True,424
44,0.000000,True,424
44,0.000000,True,424
44,0.000000,True,424
44,0.000000,True,424
44,0.000000,True,424
44,0.000000,True,424
44,0.000000,True,424
44,0.000000,True,424
44,0.000000,True,424
44,0.000000,True,424
44,0.000000,True,424
44,0.000000,True,424
44,0.000000,True,424
44,0.000000,True,424
44,0.000000,True,424
44,0.000000,True,424
44,0.000000,True,424
44,0.000000,True,424
44,0.000000,True,424
44,0.000000,True,424
44,0.000000,True,424
44,0.000000,True,424
44,0.000000,True,424
44,0.000000,True,424
44,0.000000,True,424
44,0.000000,True,424
44,0.000000,True,424
44,0.000000,True,424
44,0.000000,True,424
44,0.000000,True,424
44,0.000000,True,424
44,0.000000,True,424
44,0.000000,True,424
44,0.000000,True,424
44,0.000000,True,424
44,0.000000,True,424
44,0.000000,True,424
44,0.000000,True,424
44,0.000000,True,424
44,0.000000,True,424
44,0.000000,True,424
44,0.000000,True,424
44,0.000000,True,424
44,0.000000,True,424
44,0.000000,True,424
44,0.000000,True,424
44,0.000000,True,424
44,0.000000,True,424
44,0.000000,True,424
44,0.000000,True,424
44,0.000000,True,424
44,0.000000,True,424
44,0.000000,True,424
44,0.000000,True,424
44,0.000000,True,424
44,0.000000,True,424
44,0.000000,True,424
44,0.000000,True,424
44,0.000000,True,424
44,0.000000,True,424
44,0.000000,True,424
44,0.000000,True,424
44,0.000000,True,424
44,0.000000,True,424
44,0.000000,True,424
44,0.000000,True,424
44,0.000000,True,424
44,0.000000,True,424
44,0.000000,True,424
44,0.000000,True,424
44,0.000000,True,424
44,0.000000,True,424
44,0.000000,True,424
44,0.000000,True,424
44,0.000000,True,424
44,0.000000,True,424
44,0.000000,True,424
44,0.000000,True,424
44,0.000000,True,424
44,0.000000,True,424
44,0.000000,True,424
44,0.000000,True,424
44,0.000000,True,424
44,0.000000,True,424
44,0.000000,True,424
44,0.000000,True,424
44,0.000000,True,424
44,0.000000,True,424
44,0.000000,True,424
44,0.000000,True,424
44,0.000000,True,424
44,0.000000,True,424
44,0.000000,True,424
44,0.000000,True,424
44,0.000000,True,424
44,0.000000,True,424
44,0.000000,True,424
44,0.000000,True,424
44,0.000000,True,424
44,0.000000,True,424
44,0.000000,True,424
44,0.000000,True,424
44,0.000000,True,424
44,0.000000,True,424
44,0.000000,True,424
44,0.000000,True,424
44,0.000000,True,424
44,0.000000,True,424
44,0.000000,True,424
44,0.000000,True,424
44,0.000000,True,424
44,0.000000,True,424
44,0.000000,True,424
44,0.000000,True,424
44,0.000000,True,424
44,0.000000,True,424
44,0.000000,True,424
44,0.000000,True,424
44,0.000000,True,424
44,0.000000,True,424
44,0.000000,True,424
44,0.000000,True,424
44,0.000000,True,424
44,0.000000,True,424
44,0.000000,True,424
44,0.000000,True,424
44,0.000000,True,424
44,0.000000,True,424
44,0.000000,True,424
44,0.000000,True,424
44,0.000000,True,424
44,0.000000,True,424
44,0.000000,True,424
44,0.000000,True,424
44,0.000000,True,424
44,0.000000,True,424
44,0.000000,True,424
44,0.000000,True,424
44,0.000000,True,424
44,0.000000,True,424
44,0.000000,True,424
44,0.000000,True,424
44,0.000000,True,424
44,0.000000,True,424
44,0.000000,True,424
44,0.000000,True,424
44,0.000000,True,424
44,0.000000,True,424
44,0.000000,True,424
44,0.000000,True,424
44,0.000000,True,424
44,0.000000,True,424
44,0.000000,True,424
44,0.000000,True,424
44,0.000000,True,424
44,0.000000,True,424
44,0.000000,True,424
44,0.000000,True,424
44,0.000000,True,424
44,0.000000,True,424
44,0.000000,True,424
44,0.100496,False,446
44,0.050094,False,446
44,0.049730,False,446
44,0.038655,False,446
44,0.041804,False,446
44,0.040683,False,446
44,0.042897,False,446
44,0.042353,False,446
44,0.096068,False,446
44,0.041112,False,446
44,0.053485,False,446
44,0.036441,False,446
44,0.036191,False,446
44,0.037135,False,446
44,0.046972,False,446
44,0.051310,False,446
44,0.048227,False,446
44,0.045667,False,446
44,0.037034,False,446
44,0.000000,True,446
44,0.000000,True,446
44,0.000000,True,446
44,0.321017,False,446
44,0.045144,False,446
44,0.036040,False,446
44,0.036549,False,446
44,0.046100,False,446
44,0.045488,False,446
44,0.037683,False,446
44,0.036297,False,446
44,0.039832,False,446
44,0.038047,False,446
44,0.036727,False,446
44,0.045012,False,446
44,0.036791,False,446
44,0.053259,False,446
44,0.048891,False,446
44,0.046680,False,446
44,0.043241,False,446
44,0.037623,False,446
44,0.037512,False,446
44,0.045632,False,446
44,0.048794,False,446
44,0.000000,True,446
44,0.000000,True,446
44,0.000000,True,446
44,0.107350,False,446
44,0.056961,False,446
44,0.051558,False,446
44,0.052478,False,446
44,0.072827,False,424
44,0.056271,False,424
44,0.056555,False,424
44,0.064985,False,424
44,0.056523,False,424
44,0.066589,False,424
44,0.047621,False,424
44,0.058170,False,424
44,0.051315,False,424
44,0.063030,False,424
44,0.133188,False,424
44,0.061744,False,424
44,0.051924,False,424
44,0.056923,False,424
44,0.045780,False,424
44,0.061341,False,424
44,0.056349,False,424
44,0.059297,False,424
44,0.058640,False,424
44,0.049279,False,424
44,0.062605,False,424
44,0.049267,False,424
44,0.054660,False,424
44,0.055103,False,424
44,0.047398,False,424
44,0.058617,False,424
44,0.056431,False,424
44,0.056656,False,424
44,0.060509,False,424
44,0.060032,False,424
44,0.058237,False,424
44,0.061018,False,424
44,0.059511,False,424
44,0.053438,False,424
44,0.057384,False,424
44,0.052670,False,424
44,0.147824,False,424
44,0.400883,False,424
44,0.057822,False,424
44,0.048176,False,424
44,0.079802,False,424
44,0.053800,False,424
44,0.054447,False,424
44,0.056207,False,424
44,0.066810,False,424
44,0.049740,False,424
44,0.058404,False,424
44,0.056459,False,424
44,0.056949,False,424
44,0.063236,False,424
44,0.055205,False,424
44,0.055308,False,424
44,0.045119,False,424
44,0.088111,False,468
44,0.050585,False,468
44,0.054196,False,468
44,0.051100,False,468
44,0.050495,False,468
44,0.049098,False,468
44,0.049615,False,468
44,0.050815,False,468
44,0.051055,False,468
44,0.052151,False,468
44,0.042358,False,468
44,0.052664,False,468
44,0.055538,False,468
44,0.052941,False,468
44,0.049023,False,468
44,0.049147,False,468
44,0.041477,False,468
44,0.047937,False,468
44,0.044584,False,468
44,0.140962,False,468
44,0.304249,False,468
44,0.000000,True,468
44,0.268996,False,468
44,0.043189,False,468
44,0.041834,False,468
44,0.047685,False,468
44,0.057927,False,468
44,0.056781,False,468
44,0.050247,False,468
44,0.055942,False,468
44,0.052266,False,468
44,0.056273,False,468
44,0.055378,False,468
44,0.055189,False,468
44,0.052229,False,468
44,0.060543,False,468
44,0.063475,False,468
44,0.043383,False,468
44,0.064060,False,468
44,0.062097,False,468
44,0.055951,False,468
44,0.062654,False,468
44,0.056228,False,446
44,0.061304,False,446
44,0.059759,False,446
44,0.053367,False,446
44,0.040368,False,446
44,0.059665,False,446
44,0.037793,False,446
44,0.055229,False,446
44,0.037697,False,446
44,0.035671,False,446
44,0.035701,False,446
44,0.058186,False,446
44,0.057352,False,446
44,0.035552,False,446
44,0.034448,False,446
44,0.054834,False,446
44,0.036445,False,446
44,0.036147,False,446
44,0.035868,False,446
44,0.035813,False,446
44,0.045775,False,446
44,0.037461,False,446
44,0.035908,False,446
44,0.035224,False,446
44,0.035689,False,446
44,0.196399,False,446
44,0.229490,False,446
44,0.496724,False,446
44,0.060318,False,446
44,0.047047,False,446
44,0.034795,False,446
44,0.035672,False,446
44,0.044693,False,446
44,0.047045,False,446
44,0.066161,False,446
44,0.035638,False,446
44,0.036321,False,446
44,0.037930,False,446
44,0.039614,False,446
44,0.044961,False,446
44,0.044948,False,446
44,0.035896,False,446
44,0.037392,False,446
44,0.035685,False,446
44,0.036695,False,446
44,0.035989,False,446
44,0.044687,False,446
44,0.036557,False,446
44,0.077557,False,423
44,0.034665,False,423
44,0.049469,False,423
44,0.026802,False,423
44,0.054917,False,423
44,0.038536,False,423
44,0.036947,False,423
44,0.054672,False,423
44,0.028661,False,423
44,0.027541,False,423
44,0.028939,False,423
44,0.047105,False,423
44,0.027531,False,423
44,0.026372,False,423
44,0.135108,False,423
44,0.441228,False,423
44,0.166208,False,423
44,0.198730,False,423
44,0.052812,False,423
44,0.026272,False,423
44,0.035575,False,423
44,0.054921,False,423
44,0.028497,False,423
44,0.027189,False,423
44,0.028350,False,423
44,0.027734,False,423
44,0.037641,False,423
44,0.027952,False,423
44,0.028387,False,423
44,0.049823,False,423
44,0.028364,False,423
44,0.029617,False,423
44,0.024198,False,423
44,0.026008,False,423
44,0.028331,False,423
44,0.027294,False,423
44,0.050343,False,423
44,0.023735,False,423
44,0.000000,True,423
44,0.000000,True,423
44,0.000000,True,423
44,0.000000,True,423
44,0.083683,False,423
44,0.025635,False,423
44,0.023680,False,423
44,0.025353,False,423
44,0.024546,False,423
44,0.052701,False,423
44,0.043313,False,423
44,0.048089,False,423
44,0.023482,False,423
44,0.025777,False,423
44,0.049454,False,423
44,0.045072,False,423
44,0.025145,False,423
44,0.032995,False,423
44,0.025109,False,423
44,0.049815,False,423
44,0.025441,False,423
44,0.024456,False,423
44,0.030993,False,423
44,0.025614,False,423
44,0.000000,True,423
44,0.000000,True,423
44,0.000000,True,423
44,0.419664,False,423
44,0.025018,False,423
44,0.024604,False,423
44,0.022848,False,423
44,0.023759,False,423
44,0.043657,False,423
44,0.047946,False,423
44,0.047974,False,423
44,0.025421,False,423
44,0.041446,False,423
44,0.045237,False,423
44,0.045579,False,423
44,0.029852,False,423
44,0.044147,False,423
44,0.064737,False,423
44,0.024323,False,423
44,0.025064,False,423
44,0.038078,False,423
44,0.025830,False,423
44,0.035062,False,423
44,0.025373,False,423
44,0.240863,False,423
44,0.142144,False,423
44,0.000000,True,423
44,0.000000,True,423
44,0.066147,False,423
44,0.027824,False,423
44,0.027180,False,423
44,0.027251,False,423
44,0.027969,False,423
44,0.040024,False,423
44,0.029268,False,423
44,0.029584,False,423
44,0.067342,False,445
44,0.038779,False,445
44,0.044755,False,445
44,0.027153,False,445
44,0.025419,False,445
44,0.035613,False,445
44,0.036755,False,445
44,0.025624,False,445
44,0.026188,False,445
44,0.025801,False,445
44,0.027052,False,445
44,0.035357,False,445
44,0.038110,False,445
44,0.034116,False,445
44,0.037803,False,445
44,0.030392,False,445
44,0.030772,False,445
44,0.038475,False,445
44,0.035205,False,445
44,0.281584,False,445
44,0.080635,False,445
44,0.039576,False,445
44,0.035622,False,445
44,0.039249,False,445
44,0.036356,False,445
44,0.036863,False,445
44,0.039492,False,445
44,0.040159,False,445
44,0.028901,False,445
44,0.030067,False,445
44,0.033649,False,445
44,0.040091,False,445
44,0.040933,False,445
44,0.038459,False,445
44,0.042356,False,445
44,0.032974,False,445
44,0.042609,False,445
44,0.026263,False,445
44,0.038782,False,445
44,0.025505,False,445
44,0.039343,False,445
44,0.039644,False,445
44,0.034597,False,445
44,0.054742,False,445
44,0.000000,True,445
44,0.000000,True,445
44,0.180099,False,445
44,0.025503,False,445
44,0.040748,False,445
44,0.052317,False,445
44,0.043550,False,445
44,0.021900,False,445
44,0.021855,False,445
44,0.043757,False,445
44,0.021037,False,445
44,0.046152,False,445
44,0.020431,False,445
44,0.020308,False,445
44,0.045424,False,445
44,0.044646,False,445
44,0.022495,False,445
44,0.021387,False,445
44,0.021379,False,445
44,0.021846,False,445
44,0.042422,False,445
44,0.020307,False,445
44,0.020282,False,445
44,0.000000,True,445
44,0.000000,True,445
44,0.000000,True,445
44,0.058774,False,445
44,0.048275,False,445
44,0.047413,False,445
44,0.032954,False,445
44,0.020917,False,445
44,0.056829,False,445
44,0.018202,False,445
44,0.055957,False,445
44,0.044484,False,445
44,0.029948,False,445
44,0.022084,False,445
44,0.033649,False,445
44,0.021273,False,445
44,0.020393,False,445
44,0.020909,False,445
44,0.029502,False,445
44,0.031363,False,445
44,0.018807,False,445
44,0.022781,False,445
44,0.019816,False,445
44,0.020404,False,445
44,0.218442,False,445
44,0.000000,True,445
44,0.000000,True,445
44,0.160102,False,445
44,0.023364,False,445
44,0.021676,False,445
44,0.051734,False,423
44,0.026600,False,423
44,0.034073,False,423
44,0.026401,False,423
44,0.057664,False,423
44,0.030869,False,423
44,0.027376,False,423
44,0.027531,False,423
44,0.027794,False,423
44,0.025433,False,423
44,0.026456,False,423
44,0.027076,False,423
44,0.026793,False,423
44,0.026414,False,423
44,0.024760,False,423
44,0.026955,False,423
44,0.026236,False,423
44,0.069367,False,423
44,0.028236,False,423
44,0.190631,False,423
44,0.000000,True,423
44,0.185727,False,423
44,0.034786,False,423
44,0.052817,False,423
44,0.034417,False,423
44,0.025737,False,423
44,0.024899,False,423
44,0.041100,False,423
44,0.035137,False,423
44,0.049145,False,423
44,0.027227,False,423
44,0.052975,False,423
44,0.026618,False,423
44,0.026268,False,423
44,0.026101,False,423
44,0.049766,False,423
44,0.045852,False,423
44,0.048672,False,423
44,0.027234,False,423
44,0.027870,False,423
44,0.048996,False,423
44,0.026595,False,423
44,0.033329,False,423
44,0.103177,False,423
44,0.051684,False,423
44,0.000000,True,423
44,0.148882,False,423
44,0.024501,False,423
44,0.025877,False,423
44,0.035959,False,423
44,0.027527,False,423
44,0.026008,False,423
44,0.029672,False,423
44,0.027535,False,423
44,0.029289,False,423
44,0.027987,False,423
44,0.027055,False,423
44,0.049715,False,423
44,0.027982,False,423
44,0.027548,False,423
44,0.027936,False,423
44,0.029810,False,423
44,0.049390,False,423
44,0.027140,False,423
44,0.029579,False,423
44,0.046158,False,423
44,0.053700,False,423
44,0.289906,False,423
44,0.085775,False,423
44,0.000000,True,423
44,0.316631,False,423
44,0.034988,False,423
44,0.031354,False,423
44,0.029481,False,423
44,0.024520,False,423
44,0.023275,False,423
44,0.029865,False,423
44,0.026327,False,423
44,0.068470,False,423
44,0.047312,False,423
44,0.052265,False,423
44,0.071595,False,423
44,0.068312,False,423
44,0.069567,False,423
44,0.045672,False,423
44,0.048811,False,423
44,0.070015,False,423
44,0.045412,False,423
44,0.045615,False,423
44,0.044911,False,423
44,0.047457,False,423
44,0.000000,True,423
44,0.000000,True,423
44,0.000000,True,423
44,0.097893,False,423
44,0.062392,False,423
44,0.065790,False,423
44,0.065104,False,423
44,0.058751,False,423
44,0.063097,False,423
44,0.061240,False,423
44,0.066149,False,423
44,0.062862,False,423
44,0.063060,False,423
44,0.057298,False,423
44,0.063123,False,423
44,0.054896,False,423
44,0.074251,False,423
44,0.072476,False,423
44,0.069022,False,423
44,0.069830,False,423
44,0.073033,False,423
44,0.081893,False,445
44,0.067899,False,445
44,0.054110,False,445
44,0.000000,True,445
44,0.092657,False,445
44,0.044612,False,445
118,0.000000,True,424
118,0.000000,True,424
118,0.000000,True,424
118,0.000000,True,424
118,0.000000,True,424
118,0.000000,True,424
118,0.000000,True,424
118,0.000000,True,424
118,0.000000,True,424
118,0.000000,True,424
118,0.000000,True,424
118,0.000000,True,424
118,0.000000,True,424
118,0.000000,True,424
118,0.000000,True,424
118,0.000000,True,424
118,0.000000,True,424
118,0.000000,True,424
118,0.000000,True,424
118,0.000000,True,424
118,0.000000,True,424
118,0.000000,True,424
118,0.000000,True,424
118,0.000000,True,424
118,0.000000,True,424
118,0.000000,True,424
118,0.000000,True,424
118,0.000000,True,424
118,0.000000,True,424
118,0.000000,True,424
118,0.000000,True,424
118,0.000000,True,424
118,0.000000,True,424
118,0.000000,True,424
118,0.000000,True,424
118,0.000000,True,424
118,0.000000,True,424
118,0.000000,True,424
118,0.000000,True,424
118,0.000000,True,424
118,0.000000,True,424
118,0.000000,True,424
118,0.000000,True,424
118,0.000000,True,424
118,0.000000,True,424
118,0.000000,True,424
118,0.000000,True,424
118,0.000000,True,424
118,0.000000,True,424
118,0.000000,True,424
118,0.000000,True,424
118,0.000000,True,424
118,0.000000,True,424
118,0.000000,True,424
118,0.000000,True,424
118,0.000000,True,424
118,0.000000,True,424
118,0.000000,True,424
118,0.000000,True,424
118,0.000000,True,424
118,0.000000,True,424
118,0.000000,True,424
118,0.000000,True,424
118,0.000000,True,424
118,0.000000,True,424
118,0.000000,True,424
118,0.000000,True,424
118,0.000000,True,424
118,0.000000,True,424
118,0.000000,True,424
118,0.000000,True,424
118,0.000000,True,424
118,0.000000,True,424
118,0.000000,True,424
118,0.000000,True,424
118,0.000000,True,424
118,0.000000,True,424
118,0.000000,True,424
118,0.000000,True,424
118,0.000000,True,424
118,0.000000,True,424
118,0.000000,True,424
118,0.000000,True,424
118,0.000000,True,424
118,0.000000,True,424
118,0.000000,True,424
118,0.000000,True,424
118,0.000000,True,424
118,0.000000,True,424
118,0.000000,True,424
118,0.000000,True,424
118,0.000000,True,424
118,0.000000,True,424
118,0.000000,True,424
118,0.000000,True,424
118,0.000000,True,424
118,0.000000,True,424
118,0.000000,True,424
118,0.000000,True,424
118,0.000000,True,424
118,0.000000,True,424
118,0.000000,True,424
118,0.000000,True,424
118,0.000000,True,424
118,0.000000,True,424
118,0.000000,True,424
118,0.000000,True,424
118,0.000000,True,424
118,0.000000,True,424
118,0.000000,True,424
118,0.000000,True,424
118,0.000000,True,424
118,0.000000,True,424
118,0.000000,True,424
118,0.000000,True,424
118,0.000000,True,424
118,0.000000,True,424
118,0.000000,True,424
118,0.000000,True,424
118,0.000000,True,424
118,0.000000,True,424
118,0.000000,True,424
118,0.000000,True,424
118,0.000000,True,424
118,0.000000,True,424
118,0.000000,True,424
118,0.000000,True,424
118,0.000000,True,424
118,0.000000,True,424
118,0.000000,True,424
118,0.000000,True,424
118,0.000000,True,424
118,0.000000,True,424
118,0.000000,True,424
118,0.000000,True,424
118,0.000000,True,424
118,0.000000,True,424
118,0.000000,True,424
118,0.000000,True,424
118,0.000000,True,424
118,0.000000,True,424
118,0.000000,True,424
118,0.000000,True,424
118,0.000000,True,424
118,0.000000,True,424
118,0.000000,True,424
118,0.000000,True,424
118,0.000000,True,424
118,0.000000,True,424
118,0.000000,True,424
118,0.000000,True,424
118,0.000000,True,424
118,0.000000,True,424
118,0.000000,True,424
118,0.000000,True,424
118,0.000000,True,424
118,0.000000,True,424
118,0.000000,True,424
118,0.000000,True,424
118,0.000000,True,424
118,0.000000,True,424
118,0.000000,True,424
118,0.000000,True,424
118,0.000000,True,424
118,0.000000,True,424
118,0.000000,True,424
118,0.000000,True,424
118,0.000000,True,424
118,0.000000,True,424
118,0.000000,True,424
118,0.000000,True,424
118,0.000000,True,424
118,0.000000,True,424
118,0.000000,True,424
118,0.000000,True,424
118,0.000000,True,424
118,0.000000,True,424
118,0.000000,True,424
118,0.000000,True,424
118,0.000000,True,424
118,0.000000,True,424
118,0.000000,True,424
118,0.000000,True,424
118,0.000000,True,424
118,0.000000,True,424
118,0.000000,True,424
118,0.000000,True,424
118,0.000000,True,424
118,0.000000,True,424
118,0.000000,True,424
118,0.000000,True,424
118,0.000000,True,424
118,0.000000,True,424
118,0.000000,True,424
118,0.000000,True,424
118,0.000000,True,424
118,0.000000,True,424
118,0.000000,True,424
118,0.000000,True,424
118,0.000000,True,424
118,0.000000,True,424
118,0.000000,True,424
118,0.000000,True,424
118,0.000000,True,424
118,0.000000,True,424
118,0.000000,True,424
118,0.000000,True,424
118,0.000000,True,424
118,0.000000,True,424
118,0.000000,True,424
118,0.000000,True,424
118,0.000000,True,424
118,0.000000,True,424
118,0.000000,True,424
118,0.000000,True,424
118,0.000000,True,424
118,0.000000,True,424
118,0.030675,False,446
118,0.030449,False,446
118,0.029005,False,446
118,0.019009,False,446
118,0.024289,False,446
118,0.022942,False,446
118,0.020911,False,446
118,0.020578,False,446
118,0.033522,False,446
118,0.020470,False,446
118,0.020701,False,446
118,0.021803,False,446
118,0.022810,False,446
118,0.022289,False,446
118,0.038014,False,446
118,0.035662,False,446
118,0.021127,False,446
118,0.020685,False,446
118,0.022091,False,446
118,0.000000,True,446
118,0.000000,True,446
118,0.000000,True,446
118,0.146114,False,446
118,0.020177,False,446
118,0.022899,False,446
118,0.022130,False,446
118,0.020686,False,446
118,0.020280,False,446
118,0.021726,False,446
118,0.021492,False,446
118,0.022668,False,446
118,0.020203,False,446
118,0.020906,False,446
118,0.020428,False,446
118,0.026420,False,446
118,0.022307,False,446
118,0.020834,False,446
118,0.022515,False,446
118,0.021257,False,446
118,0.021637,False,446
118,0.020628,False,446
118,0.032861,False,446
118,0.000000,True,446
118,0.000000,True,446
118,0.000000,True,446
118,0.384537,False,446
118,0.033792,False,446
118,0.031441,False,446
118,0.020229,False,446
118,0.020243,False,446
118,0.032396,False,424
118,0.027202,False,424
118,0.031027,False,424
118,0.030432,False,424
118,0.031856,False,424
118,0.021086,False,424
118,0.017020,False,424
118,0.017802,False,424
118,0.017752,False,424
118,0.029553,False,424
118,0.017230,False,424
118,0.018744,False,424
118,0.019228,False,424
118,0.028411,False,424
118,0.016739,False,424
118,0.029456,False,424
118,0.032183,False,424
118,0.018153,False,424
118,0.017372,False,424
118,0.017397,False,424
118,0.031472,False,424
118,0.019175,False,424
118,0.017906,False,424
118,0.020516,False,424
118,0.018176,False,424
118,0.016591,False,424
118,0.029387,False,424
118,0.016475,False,424
118,0.017155,False,424
118,0.031674,False,424
118,0.031379,False,424
118,0.032553,False,424
118,0.053905,False,424
118,0.020235,False,424
118,0.032185,False,424
118,0.424785,False,424
118,0.000000,True,424
118,0.201274,False,424
118,0.029809,False,424
118,0.018402,False,424
118,0.035516,False,424
118,0.019888,False,424
118,0.019386,False,424
118,0.019395,False,424
118,0.017757,False,424
118,0.019592,False,424
118,0.016710,False,424
118,0.028839,False,424
118,0.030067,False,424
118,0.030227,False,424
118,0.017561,False,424
118,0.030362,False,424
118,0.032388,False,424
118,0.042646,False,468
118,0.037977,False,468
118,0.023685,False,468
118,0.025107,False,468
118,0.024977,False,468
118,0.025009,False,468
118,0.024456,False,468
118,0.033838,False,468
118,0.025050,False,468
118,0.024851,False,468
118,0.032995,False,468
118,0.038098,False,468
118,0.038323,False,468
118,0.025697,False,468
118,0.027005,False,468
118,0.026325,False,468
118,0.026490,False,468
118,0.026368,False,468
118,0.039758,False,468
118,0.112285,False,468
118,0.000000,True,468
118,0.460285,False,468
118,0.032917,False,468
118,0.026030,False,468
118,0.026913,False,468
118,0.027304,False,468
118,0.025853,False,468
118,0.039813,False,468
118,0.038114,False,468
118,0.024564,False,468
118,0.026377,False,468
118,0.040349,False,468
118,0.024928,False,468
118,0.027955,False,468
118,0.039912,False,468
118,0.040864,False,468
118,0.028616,False,468
118,0.026093,False,468
118,0.024103,False,468
118,0.038270,False,468
118,0.024834,False,468
118,0.040128,False,446
118,0.045283,False,446
118,0.033575,False,446
118,0.037825,False,446
118,0.029710,False,446
118,0.021601,False,446
118,0.033922,False,446
118,0.021072,False,446
118,0.033587,False,446
118,0.032243,False,446
118,0.020503,False,446
118,0.022144,False,446
118,0.021274,False,446
118,0.033079,False,446
118,0.036238,False,446
118,0.020237,False,446
118,0.022072,False,446
118,0.021315,False,446
118,0.032137,False,446
118,0.027264,False,446
118,0.029758,False,446
118,0.023252,False,446
118,0.021582,False,446
118,0.023076,False,446
118,0.021820,False,446
118,0.199550,False,446
118,0.189578,False,446
118,0.000000,True,446
118,0.348669,False,446
118,0.032156,False,446
118,0.021227,False,446
118,0.022225,False,446
118,0.023102,False,446
118,0.024292,False,446
118,0.021722,False,446
118,0.023086,False,446
118,0.023299,False,446
118,0.023835,False,446
118,0.032771,False,446
118,0.023105,False,446
118,0.021308,False,446
118,0.023097,False,446
118,0.030458,False,446
118,0.023332,False,446
118,0.023273,False,446
118,0.023813,False,446
118,0.022017,False,446
118,0.022412,False,446
118,0.023612,False,446
118,0.065437,False,423
118,0.031313,False,423
118,0.029981,False,423
118,0.040411,False,423
118,0.041335,False,423
118,0.032132,False,423
118,0.033504,False,423
118,0.031959,False,423
118,0.032764,False,423
118,0.030786,False,423
118,0.030668,False,423
118,0.030467,False,423
118,0.033383,False,423
118,0.029906,False,423
118,0.039480,False,423
118,0.194621,False,423
118,0.034551,False,423
118,0.133199,False,423
118,0.044339,False,423
118,0.030453,False,423
118,0.031537,False,423
118,0.033372,False,423
118,0.031495,False,423
118,0.043707,False,423
118,0.031115,False,423
118,0.034125,False,423
118,0.030965,False,423
118,0.030507,False,423
118,0.042537,False,423
118,0.030335,False,423
118,0.031916,False,423
118,0.031315,False,423
118,0.031766,False,423
118,0.031319,False,423
118,0.046839,False,423
118,0.031077,False,423
118,0.030795,False,423
118,0.029689,False,423
118,0.449906,False,423
118,0.000000,True,423
118,0.000000,True,423
118,0.278901,False,423
118,0.031645,False,423
118,0.030635,False,423
118,0.031437,False,423
118,0.047111,False,423
118,0.031473,False,423
118,0.031345,False,423
118,0.033148,False,423
118,0.047682,False,423
118,0.032351,False,423
118,0.043796,False,423
118,0.031663,False,423
118,0.031113,False,423
118,0.031548,False,423
118,0.033020,False,423
118,0.031016,False,423
118,0.043521,False,423
118,0.045013,False,423
118,0.031054,False,423
118,0.031490,False,423
118,0.044138,False,423
118,0.000000,True,423
118,0.000000,True,423
118,0.000000,True,423
118,0.085464,False,423
118,0.032296,False,423
118,0.018517,False,423
118,0.018062,False,423
118,0.030738,False,423
118,0.019134,False,423
118,0.031593,False,423
118,0.019009,False,423
118,0.030769,False,423
118,0.018630,False,423
118,0.020393,False,423
118,0.020166,False,423
118,0.019076,False,423
118,0.026711,False,423
118,0.035871,False,423
118,0.021253,False,423
118,0.019255,False,423
118,0.018993,False,423
118,0.020030,False,423
118,0.018916,False,423
118,0.032174,False,423
118,0.354782,False,423
118,0.000000,True,423
118,0.000000,True,423
118,0.283738,False,423
118,0.026216,False,423
118,0.021251,False,423
118,0.025993,False,423
118,0.019432,False,423
118,0.018291,False,423
118,0.019844,False,423
118,0.030906,False,423
118,0.018761,False,423
118,0.045960,False,445
118,0.023489,False,445
118,0.028511,False,445
118,0.023626,False,445
118,0.019978,False,445
118,0.015550,False,445
118,0.019724,False,445
118,0.016353,False,445
118,0.017766,False,445
118,0.029401,False,445
118,0.018097,False,445
118,0.026580,False,445
118,0.015690,False,445
118,0.014830,False,445
118,0.026789,False,445
118,0.016271,False,445
118,0.015236,False,445
118,0.036136,False,445
118,0.017567,False,445
118,0.065371,False,445
118,0.149786,False,445
118,0.014591,False,445
118,0.024873,False,445
118,0.027862,False,445
118,0.026138,False,445
118,0.018117,False,445
118,0.024534,False,445
118,0.017022,False,445
118,0.014961,False,445
118,0.015702,False,445
118,0.028792,False,445
118,0.014357,False,445
118,0.015637,False,445
118,0.014423,False,445
118,0.027024,False,445
118,0.015416,False,445
118,0.029581,False,445
118,0.016189,False,445
118,0.016188,False,445
118,0.016358,False,445
118,0.014882,False,445
118,0.020260,False,445
118,0.018990,False,445
118,0.173294,False,445
118,0.409936,False,445
118,0.427783,False,445
118,0.027190,False,445
118,0.018389,False,445
118,0.032994,False,445
118,0.032319,False,445
118,0.018615,False,445
118,0.018842,False,445
118,0.019489,False,445
118,0.018181,False,445
118,0.018305,False,445
118,0.029789,False,445
118,0.033936,False,445
118,0.027738,False,445
118,0.018049,False,445
118,0.033578,False,445
118,0.030088,False,445
118,0.018418,False,445
118,0.018998,False,445
118,0.018450,False,445
118,0.030655,False,445
118,0.032363,False,445
118,0.045767,False,445
118,0.000000,True,445
118,0.000000,True,445
118,0.405963,False,445
118,0.028409,False,445
118,0.029596,False,445
118,0.032704,False,445
118,0.017053,False,445
118,0.027445,False,445
118,0.037302,False,445
118,0.016166,False,445
118,0.030289,False,445
118,0.017276,False,445
118,0.016958,False,445
118,0.018743,False,445
118,0.019327,False,445
118,0.018162,False,445
118,0.018150,False,445
118,0.032331,False,445
118,0.018732,False,445
118,0.019648,False,445
118,0.017458,False,445
118,0.032865,False,445
118,0.032138,False,445
118,0.024020,False,445
118,0.192529,False,445
118,0.000000,True,445
118,0.481897,False,445
118,0.029477,False,445
118,0.018459,False,445
118,0.036558,False,423
118,0.029799,False,423
118,0.035360,False,423
118,0.014699,False,423
118,0.016638,False,423
118,0.016392,False,423
118,0.016071,False,423
118,0.028101,False,423
118,0.015087,False,423
118,0.014987,False,423
118,0.024162,False,423
118,0.015471,False,423
118,0.014241,False,423
118,0.023069,False,423
118,0.013781,False,423
118,0.012920,False,423
118,0.014646,False,423
118,0.014905,False,423
118,0.017363,False,423
118,0.024858,False,423
118,0.190807,False,423
118,0.412412,False,423
118,0.013112,False,423
118,0.018160,False,423
118,0.017162,False,423
118,0.025085,False,423
118,0.020454,False,423
118,0.013781,False,423
118,0.015598,False,423
118,0.016838,False,423
118,0.026244,False,423
118,0.016038,False,423
118,0.014237,False,423
118,0.014056,False,423
118,0.014857,False,423
118,0.013083,False,423
118,0.014202,False,423
118,0.013798,False,423
118,0.013830,False,423
118,0.015366,False,423
118,0.013303,False,423
118,0.028330,False,423
118,0.020019,False,423
118,0.018119,False,423
118,0.014765,False,423
118,0.115354,False,423
118,0.450255,False,423
118,0.012661,False,423
118,0.014757,False,423
118,0.015310,False,423
118,0.025777,False,423
118,0.014926,False,423
118,0.015165,False,423
118,0.015263,False,423
118,0.029181,False,423
118,0.014315,False,423
118,0.017576,False,423
118,0.015867,False,423
118,0.013967,False,423
118,0.013827,False,423
118,0.014802,False,423
118,0.013906,False,423
118,0.013539,False,423
118,0.026014,False,423
118,0.015110,False,423
118,0.012773,False,423
118,0.013730,False,423
118,0.235300,False,423
118,0.109293,False,423
118,0.000000,True,423
118,0.000000,True,423
118,0.133886,False,423
118,0.013953,False,423
118,0.026199,False,423
118,0.013349,False,423
118,0.014901,False,423
118,0.015043,False,423
118,0.022490,False,423
118,0.016440,False,423
118,0.016038,False,423
118,0.015600,False,423
118,0.013785,False,423
118,0.025762,False,423
118,0.027528,False,423
118,0.013521,False,423
118,0.018855,False,423
118,0.028850,False,423
118,0.028803,False,423
118,0.014693,False,423
118,0.014627,False,423
118,0.014831,False,423
118,0.123041,False,423
118,0.000000,True,423
118,0.000000,True,423
118,0.375126,False,423
118,0.013073,False,423
118,0.013599,False,423
118,0.026480,False,423
118,0.014169,False,423
118,0.015429,False,423
118,0.013807,False,423
118,0.020313,False,423
118,0.022914,False,423
118,0.013360,False,423
118,0.012527,False,423
118,0.013191,False,423
118,0.013796,False,423
118,0.022645,False,423
118,0.013407,False,423
118,0.027728,False,423
118,0.016104,False,423
118,0.028457,False,423
118,0.023760,False,423
118,0.028573,False,445
118,0.027813,False,445
118,0.022549,False,445
118,0.031855,False,445
118,0.030749,False,445
118,0.029598,False,445
134,0.000000,True,424
134,0.000000,True,424
134,0.000000,True,424
134,0.000000,True,424
134,0.000000,True,424
134,0.000000,True,424
134,0.000000,True,424
134,0.000000,True,424
134,0.000000,True,424
134,0.000000,True,424
134,0.000000,True,424
134,0.000000,True,424
134,0.000000,True,424
134,0.000000,True,424
134,0.000000,True,424
134,0.000000,True,424
134,0.000000,True,424
134,0.000000,True,424
134,0.000000,True,424
134,0.000000,True,424
134,0.000000,True,424
134,0.000000,True,424
134,0.000000,True,424
134,0.000000,True,424
134,0.000000,True,424
134,0.000000,True,424
134,0.000000,True,424
134,0.000000,True,424
134,0.000000,True,424
134,0.000000,True,424
134,0.000000,True,424
134,0.000000,True,424
134,0.000000,True,424
134,0.000000,True,424
134,0.000000,True,424
134,0.000000,True,424
134,0.000000,True,424
134,0.000000,True,424
134,0.000000,True,424
134,0.000000,True,424
134,0.000000,True,424
134,0.000000,True,424
134,0.000000,True,424
134,0.000000,True,424
134,0.000000,True,424
134,0.000000,True,424
134,0.000000,True,424
134,0.000000,True,424
134,0.000000,True,424
134,0.000000,True,424
134,0.000000,True,424
134,0.000000,True,424
134,0.000000,True,424
134,0.000000,True,424
134,0.000000,True,424
134,0.000000,True,424
134,0.000000,True,424
134,0.000000,True,424
134,0.000000,True,424
134,0.000000,True,424
134,0.000000,True,424
134,0.000000,True,424
134,0.000000,True,424
134,0.000000,True,424
134,0.000000,True,424
134,0.000000,True,424
134,0.000000,True,424
134,0.000000,True,424
134,0.000000,True,424
134,0.000000,True,424
134,0.000000,True,424
134,0.000000,True,424
134,0.000000,True,424
134,0.000000,True,424
134,0.000000,True,424
134,0.000000,True,424
134,0.000000,True,424
134,0.000000,True,424
134,0.000000,True,424
134,0.000000,True,424
134,0.000000,True,424
134,0.000000,True,424
134,0.000000,True,424
134,0.000000,True,424
134,0.000000,True,424
134,0.000000,True,424
134,0.000000,True,424
134,0.000000,True,424
134,0.000000,True,424
134,0.000000,True,424
134,0.000000,True,424
134,0.000000,True,424
134,0.000000,True,424
134,0.000000,True,424
134,0.000000,True,424
134,0.000000,True,424
134,0.000000,True,424
134,0.000000,True,424
134,0.000000,True,424
134,0.000000,True,424
134,0.000000,True,424
134,0.000000,True,424
134,0.000000,True,424
134,0.000000,True,424
134,0.000000,True,424
134,0.000000,True,424
134,0.000000,True,424
134,0.000000,True,424
134,0.000000,True,424
134,0.000000,True,424
134,0.000000,True,424
134,0.000000,True,424
134,0.000000,True,424
134,0.000000,True,424
134,0.000000,True,424
134,0.000000,True,424
134,0.000000,True,424
134,0.000000,True,424
134,0.000000,True,424
134,0.000000,True,424
134,0.000000,True,424
134,0.000000,True,424
134,0.000000,True,424
134,0.000000,True,424
134,0.000000,True,424
134,0.000000,True,424
134,0.000000,True,424
134,0.000000,True,424
134,0.000000,True,424
134,0.000000,True,424
134,0.000000,True,424
134,0.000000,True,424
134,0.000000,True,424
134,0.000000,True,424
134,0.000000,True,424
134,0.000000,True,424
134,0.000000,True,424
134,0.000000,True,424
134,0.000000,True,424
134,0.000000,True,424
134,0.000000,True,424
134,0.000000,True,424
134,0.000000,True,424
134,0.000000,True,424
134,0.000000,True,424
134,0.000000,True,424
134,0.000000,True,424
134,0.000000,True,424
134,0.000000,True,424
134,0.000000,True,424
134,0.000000,True,424
134,0.000000,True,424
134,0.000000,True,424
134,0.000000,True,424
134,0.000000,True,424
134,0.000000,True,424
134,0.000000,True,424
134,0.000000,True,424
134,0.000000,True,424
134,0.000000,True,424
134,0.000000,True,424
134,0.000000,True,424
134,0.000000,True,424
134,0.000000,True,424
134,0.000000,True,424
134,0.000000,True,424
134,0.000000,True,424
134,0.000000,True,424
134,0.000000,True,424
134,0.000000,True,424
134,0.000000,True,424
134,0.000000,True,424
134,0.000000,True,424
134,0.000000,True,424
134,0.000000,True,424
134,0.000000,True,424
134,0.000000,True,424
134,0.000000,True,424
134,0.000000,True,424
134,0.000000,True,424
134,0.000000,True,424
134,0.000000,True,424
134,0.000000,True,424
134,0.000000,True,424
134,0.000000,True,424
134,0.000000,True,424
134,0.000000,True,424
134,0.000000,True,424
134,0.000000,True,424
134,0.000000,True,424
134,0.000000,True,424
134,0.000000,True,424
134,0.000000,True,424
134,0.000000,True,424
134,0.000000,True,424
134,0.000000,True,424
134,0.000000,True,424
134,0.000000,True,424
134,0.000000,True,424
134,0.000000,True,424
134,0.000000,True,424
134,0.000000,True,424
134,0.000000,True,424
134,0.000000,True,424
134,0.000000,True,424
134,0.000000,True,424
134,0.000000,True,424
134,0.000000,True,424
134,0.000000,True,424
134,0.000000,True,424
134,0.000000,True,424
134,0.000000,True,424
134,0.000000,True,424
134,0.000000,True,424
134,0.000000,True,424
134,0.000000,True,424
134,0.000000,True,424
134,0.000000,True,424
134,0.000000,True,424
134,0.045551,False,446
134,0.025659,False,446
134,0.036184,False,446
134,0.050319,False,446
134,0.027324,False,446
134,0.035340,False,446
134,0.032107,False,446
134,0.040933,False,446
134,0.035551,False,446
134,0.033887,False,446
134,0.026652,False,446
134,0.031603,False,446
134,0.033008,False,446
134,0.034842,False,446
134,0.036478,False,446
134,0.029086,False,446
134,0.030830,False,446
134,0.019183,False,446
134,0.000000,True,446
134,0.000000,True,446
134,0.000000,True,446
134,0.243967,False,446
134,0.024006,False,446
134,0.016996,False,446
134,0.016840,False,446
134,0.044326,False,446
134,0.015535,False,446
134,0.032443,False,446
134,0.023820,False,446
134,0.023644,False,446
134,0.018189,False,446
134,0.024008,False,446
134,0.024963,False,446
134,0.016006,False,446
134,0.026218,False,446
134,0.016935,False,446
134,0.018003,False,446
134,0.025452,False,446
134,0.016363,False,446
134,0.025319,False,446
134,0.018488,False,446
134,0.031243,False,446
134,0.000000,True,446
134,0.000000,True,446
134,0.000000,True,446
134,0.076980,False,446
134,0.037836,False,446
134,0.017474,False,446
134,0.017492,False,446
134,0.062415,False,424
134,0.022118,False,424
134,0.021531,False,424
134,0.020508,False,424
134,0.023182,False,424
134,0.022060,False,424
134,0.047179,False,424
134,0.019989,False,424
134,0.024519,False,424
134,0.024116,False,424
134,0.123383,False,424
134,0.022310,False,424
134,0.026647,False,424
134,0.040940,False,424
134,0.022038,False,424
134,0.039065,False,424
134,0.042441,False,424
134,0.021459,False,424
134,0.023128,False,424
134,0.022217,False,424
134,0.022342,False,424
134,0.022224,False,424
134,0.045401,False,424
134,0.042636,False,424
134,0.021116,False,424
134,0.021813,False,424
134,0.048731,False,424
134,0.044748,False,424
134,0.028941,False,424
134,0.051935,False,424
134,0.044350,False,424
134,0.044390,False,424
134,0.024066,False,424
134,0.025366,False,424
134,0.024847,False,424
134,0.032718,False,424
134,0.154231,False,424
134,0.381048,False,424
134,0.020416,False,424
134,0.020825,False,424
134,0.059908,False,424
134,0.021174,False,424
134,0.022038,False,424
134,0.018616,False,424
134,0.018344,False,424
134,0.017760,False,424
134,0.042677,False,424
134,0.019799,False,424
134,0.018510,False,424
134,0.041785,False,424
134,0.018450,False,424
134,0.018747,False,424
134,0.046743,False,424
134,0.067976,False,468
134,0.038946,False,468
134,0.019645,False,468
134,0.018473,False,468
134,0.019267,False,468
134,0.020834,False,468
134,0.018141,False,468
134,0.018386,False,468
134,0.020493,False,468
134,0.019534,False,468
134,0.018775,False,468
134,0.019654,False,468
134,0.018435,False,468
134,0.020642,False,468
134,0.019376,False,468
134,0.019028,False,468
134,0.041969,False,468
134,0.017869,False,468
134,0.025571,False,468
134,0.121001,False,468
134,0.000000,True,468
134,0.000000,True,468
134,0.242108,False,468
134,0.020385,False,468
134,0.018333,False,468
134,0.018896,False,468
134,0.049091,False,468
134,0.019565,False,468
134,0.017821,False,468
134,0.018724,False,468
134,0.018620,False,468
134,0.018023,False,468
134,0.018696,False,468
134,0.041961,False,468
134,0.021698,False,468
134,0.040484,False,468
134,0.043623,False,468
134,0.017024,False,468
134,0.043298,False,468
134,0.018446,False,468
134,0.019501,False,468
134,0.042686,False,468
134,0.055514,False,446
134,0.014940,False,446
134,0.036106,False,446
134,0.040408,False,446
134,0.037037,False,446
134,0.038369,False,446
134,0.046933,False,446
134,0.062860,False,446
134,0.047339,False,446
134,0.045654,False,446
134,0.058615,False,446
134,0.059771,False,446
134,0.057389,False,446
134,0.056269,False,446
134,0.046615,False,446
134,0.056141,False,446
134,0.052522,False,446
134,0.051639,False,446
134,0.051268,False,446
134,0.044351,False,446
134,0.047503,False,446
134,0.050929,False,446
134,0.044109,False,446
134,0.044697,False,446
134,0.044255,False,446
134,0.182946,False,446
134,0.000000,True,446
134,0.000000,True,446
134,0.102188,False,446
134,0.037642,False,446
134,0.037430,False,446
134,0.038860,False,446
134,0.038023,False,446
134,0.051548,False,446
134,0.041042,False,446
134,0.038181,False,446
134,0.038146,False,446
134,0.038944,False,446
134,0.038019,False,446
134,0.048628,False,446
134,0.049000,False,446
134,0.038230,False,446
134,0.043853,False,446
134,0.045586,False,446
134,0.033698,False,446
134,0.038005,False,446
134,0.046583,False,446
134,0.034855,False,446
134,0.053883,False,423
134,0.025880,False,423
134,0.038004,False,423
134,0.025205,False,423
134,0.026232,False,423
134,0.028931,False,423
134,0.041979,False,423
134,0.041605,False,423
134,0.030441,False,423
134,0.025624,False,423
134,0.034655,False,423
134,0.039018,False,423
134,0.024838,False,423
134,0.024538,False,423
134,0.115562,False,423
134,0.419989,False,423
134,0.155404,False,423
134,0.341678,False,423
134,0.042036,False,423
134,0.025302,False,423
134,0.035433,False,423
134,0.027891,False,423
134,0.026093,False,423
134,0.032408,False,423
134,0.027045,False,423
134,0.025617,False,423
134,0.041052,False,423
134,0.033686,False,423
134,0.034437,False,423
134,0.028535,False,423
134,0.031955,False,423
134,0.025942,False,423
134,0.028085,False,423
134,0.025954,False,423
134,0.035255,False,423
134,0.027339,False,423
134,0.026758,False,423
134,0.025537,False,423
134,0.000000,True,423
134,0.000000,True,423
134,0.000000,True,423
134,0.490288,False,423
134,0.067865,False,423
134,0.037330,False,423
134,0.027790,False,423
134,0.042849,False,423
134,0.039366,False,423
134,0.030125,False,423
134,0.042383,False,423
134,0.027398,False,423
134,0.036875,False,423
134,0.032654,False,423
134,0.038636,False,423
134,0.043055,False,423
134,0.038062,False,423
134,0.026615,False,423
134,0.034033,False,423
134,0.027452,False,423
134,0.040132,False,423
134,0.036645,False,423
134,0.040377,False,423
134,0.036401,False,423
134,0.000000,True,423
134,0.000000,True,423
134,0.000000,True,423
134,0.411907,False,423
134,0.050511,False,423
134,0.047072,False,423
134,0.034542,False,423
134,0.042930,False,423
134,0.043636,False,423
134,0.053824,False,423
134,0.042326,False,423
134,0.050742,False,423
134,0.048563,False,423
134,0.034434,False,423
134,0.035819,False,423
134,0.053785,False,423
134,0.045955,False,423
134,0.054829,False,423
134,0.062361,False,423
134,0.037398,False,423
134,0.031852,False,423
134,0.031019,False,423
134,0.039399,False,423
134,0.050147,False,423
134,0.102082,False,423
134,0.088627,False,423
134,0.000000,True,423
134,0.000000,True,423
134,0.087838,False,423
134,0.025008,False,423
134,0.024810,False,423
134,0.024928,False,423
134,0.024353,False,423
134,0.024021,False,423
134,0.035873,False,423
134,0.024350,False,423
134,0.080348,False,445
134,0.021002,False,445
134,0.044855,False,445
134,0.020622,False,445
134,0.020545,False,445
134,0.020966,False,445
134,0.022292,False,445
134,0.043563,False,445
134,0.020620,False,445
134,0.042693,False,445
134,0.022893,False,445
134,0.021499,False,445
134,0.037817,False,445
134,0.021745,False,445
134,0.021382,False,445
134,0.020267,False,445
134,0.021778,False,445
134,0.025826,False,445
134,0.027392,False,445
134,0.313375,False,445
134,0.030178,False,445
134,0.022438,False,445
134,0.023313,False,445
134,0.021438,False,445
134,0.020743,False,445
134,0.024209,False,445
134,0.041015,False,445
134,0.021317,False,445
134,0.021621,False,445
134,0.020960,False,445
134,0.019985,False,445
134,0.022362,False,445
134,0.039824,False,445
134,0.030468,False,445
134,0.020677,False,445
134,0.021526,False,445
134,0.039688,False,445
134,0.020747,False,445
134,0.021578,False,445
134,0.044618,False,445
134,0.020011,False,445
134,0.020788,False,445
134,0.023648,False,445
134,0.023502,False,445
134,0.000000,True,445
134,0.000000,True,445
134,0.171978,False,445
134,0.022657,False,445
134,0.036928,False,445
134,0.025489,False,445
134,0.026637,False,445
134,0.031762,False,445
134,0.038657,False,445
134,0.022509,False,445
134,0.031681,False,445
134,0.025509,False,445
134,0.031914,False,445
134,0.034301,False,445
134,0.024071,False,445
134,0.037549,False,445
134,0.026077,False,445
134,0.034343,False,445
134,0.033863,False,445
134,0.024659,False,445
134,0.031481,False,445
134,0.034354,False,445
134,0.035826,False,445
134,0.000000,True,445
134,0.000000,True,445
134,0.000000,True,445
134,0.049926,False,445
134,0.036244,False,445
134,0.019525,False,445
134,0.020538,False,445
134,0.018167,False,445
134,0.019793,False,445
134,0.040507,False,445
134,0.021267,False,445
134,0.042481,False,445
134,0.030953,False,445
134,0.019238,False,445
134,0.037120,False,445
134,0.019906,False,445
134,0.019854,False,445
134,0.029556,False,445
134,0.020361,False,445
134,0.021054,False,445
134,0.031226,False,445
134,0.032805,False,445
134,0.029368,False,445
134,0.021575,False,445
134,0.196492,False,445
134,0.000000,True,445
134,0.000000,True,445
134,0.115226,False,445
134,0.032354,False,445
134,0.028648,False,445
134,0.024768,False,423
134,0.024036,False,423
134,0.033270,False,423
134,0.024101,False,423
134,0.045595,False,423
134,0.030089,False,423
134,0.036330,False,423
134,0.033671,False,423
134,0.025392,False,423
134,0.024717,False,423
134,0.024186,False,423
134,0.024607,False,423
134,0.032576,False,423
134,0.025637,False,423
134,0.025394,False,423
134,0.024201,False,423
134,0.025939,False,423
134,0.064419,False,423
134,0.029618,False,423
134,0.164004,False,423
134,0.000000,True,423
134,0.165033,False,423
134,0.034612,False,423
134,0.025738,False,423
134,0.035063,False,423
134,0.029081,False,423
134,0.023750,False,423
134,0.025283,False,423
134,0.036942,False,423
134,0.032404,False,423
134,0.024161,False,423
134,0.020331,False,423
134,0.030116,False,423
134,0.028980,False,423
134,0.020993,False,423
134,0.035043,False,423
134,0.022572,False,423
134,0.034489,False,423
134,0.034226,False,423
134,0.021375,False,423
134,0.037878,False,423
134,0.030772,False,423
134,0.029745,False,423
134,0.092007,False,423
134,0.021738,False,423
134,0.000000,True,423
134,0.143819,False,423
134,0.029150,False,423
134,0.029509,False,423
134,0.041842,False,423
134,0.029246,False,423
134,0.030036,False,423
134,0.028325,False,423
134,0.036695,False,423
134,0.036583,False,423
134,0.033190,False,423
134,0.029595,False,423
134,0.035188,False,423
134,0.046844,False,423
134,0.043809,False,423
134,0.041791,False,423
134,0.042251,False,423
134,0.047186,False,423
134,0.029987,False,423
134,0.033316,False,423
134,0.033014,False,423
134,0.050244,False,423
134,0.262316,False,423
134,0.108117,False,423
134,0.000000,True,423
134,0.305252,False,423
134,0.031531,False,423
134,0.027011,False,423
134,0.034214,False,423
134,0.020300,False,423
134,0.019918,False,423
134,0.020108,False,423
134,0.022910,False,423
134,0.044093,False,423
134,0.043533,False,423
134,0.039624,False,423
134,0.040321,False,423
134,0.040058,False,423
134,0.046332,False,423
134,0.039981,False,423
134,0.038535,False,423
134,0.047617,False,423
134,0.037248,False,423
134,0.030237,False,423
134,0.036258,False,423
134,0.039173,False,423
134,0.000000,True,423
134,0.000000,True,423
134,0.000000,True,423
134,0.082700,False,423
134,0.018766,False,423
134,0.021153,False,423
134,0.022354,False,423
134,0.045919,False,423
134,0.022678,False,423
134,0.019912,False,423
134,0.020534,False,423
134,0.019688,False,423
134,0.020910,False,423
134,0.019897,False,423
134,0.044115,False,423
134,0.045456,False,423
134,0.041075,False,423
134,0.020528,False,423
134,0.025873,False,423
134,0.023866,False,423
134,0.022140,False,423
134,0.055868,False,445
134,0.000000,True,445
134,0.057228,False,445
134,0.000000,True,445
134,0.064495,False,445
134,0.033474,False,445
134,0.040132,False,445
123,0.000000,True,424
123,0.000000,True,424
123,0.000000,True,424
123,0.000000,True,424
123,0.000000,True,424
123,0.000000,True,424
123,0.000000,True,424
123,0.000000,True,424
123,0.000000,True,424
123,0.000000,True,424
123,0.000000,True,424
123,0.000000,True,424
123,0.000000,True,424
123,0.000000,True,424
123,0.000000,True,424
123,0.000000,True,424
123,0.000000,True,424
123,0.000000,True,424
123,0.000000,True,424
123,0.000000,True,424
123,0.000000,True,424
123,0.000000,True,424
123,0.000000,True,424
123,0.000000,True,424
123,0.000000,True,424
123,0.000000,True,424
123,0.000000,True,424
123,0.000000,True,424
123,0.000000,True,424
123,0.000000,True,424
123,0.000000,True,424
123,0.000000,True,424
123,0.000000,True,424
123,0.000000,True,424
123,0.000000,True,424
123,0.000000,True,424
123,0.000000,True,424
123,0.000000,True,424
123,0.000000,True,424
123,0.000000,True,424
123,0.000000,True,424
123,0.000000,True,424
123,0.000000,True,424
123,0.000000,True,424
123,0.000000,True,424
123,0.000000,True,424
123,0.000000,True,424
123,0.000000,True,424
123,0.000000,True,424
123,0.000000,True,424
123,0.000000,True,424
123,0.000000,True,424
123,0.000000,True,424
123,0.000000,True,424
123,0.000000,True,424
123,0.000000,True,424
123,0.000000,True,424
123,0.000000,True,424
123,0.000000,True,424
123,0.000000,True,424
123,0.000000,True,424
123,0.000000,True,424
123,0.000000,True,424
123,0.000000,True,424
123,0.000000,True,424
123,0.000000,True,424
123,0.000000,True,424
123,0.000000,True,424
123,0.000000,True,424
123,0.000000,True,424
123,0.000000,True,424
123,0.000000,True,424
123,0.000000,True,424
123,0.000000,True,424
123,0.000000,True,424
123,0.000000,True,424
123,0.000000,True,424
123,0.000000,True,424
123,0.000000,True,424
123,0.000000,True,424
123,0.000000,True,424
123,0.000000,True,424
123,0.000000,True,424
123,0.000000,True,424
123,0.000000,True,424
123,0.000000,True,424
123,0.000000,True,424
123,0.000000,True,424
123,0.000000,True,424
123,0.000000,True,424
123,0.000000,True,424
123,0.000000,True,424
123,0.000000,True,424
123,0.000000,True,424
123,0.000000,True,424
123,0.000000,True,424
123,0.000000,True,424
123,0.000000,True,424
123,0.000000,True,424
123,0.000000,True,424
123,0.000000,True,424
123,0.000000,True,424
123,0.000000,True,424
123,0.000000,True,424
123,0.000000,True,424
123,0.000000,True,424
123,0.000000,True,424
123,0.000000,True,424
123,0.000000,True,424
123,0.000000,True,424
123,0.000000,True,424
123,0.000000,True,424
123,0.000000,True,424
123,0.000000,True,424
123,0.000000,True,424
123,0.000000,True,424
123,0.000000,True,424
123,0.000000,True,424
123,0.000000,True,424
123,0.000000,True,424
123,0.000000,True,424
123,0.000000,True,424
123,0.000000,True,424
123,0.000000,True,424
123,0.000000,True,424
123,0.000000,True,424
123,0.000000,True,424
123,0.000000,True,424
123,0.000000,True,424
123,0.000000,True,424
123,0.000000,True,424
123,0.000000,True,424
123,0.000000,True,424
123,0.000000,True,424
123,0.000000,True,424
123,0.000000,True,424
123,0.000000,True,424
123,0.000000,True,424
123,0.000000,True,424
123,0.000000,True,424
123,0.000000,True,424
123,0.000000,True,424
123,0.000000,True,424
123,0.000000,True,424
123,0.000000,True,424
123,0.000000,True,424
123,0.000000,True,424
123,0.000000,True,424
123,0.000000,True,424
123,0.000000,True,424
123,0.000000,True,424
123,0.000000,True,424
123,0.000000,True,424
123,0.000000,True,424
123,0.000000,True,424
123,0.000000,True,424
123,0.000000,True,424
123,0.000000,True,424
123,0.000000,True,424
123,0.000000,True,424
123,0.000000,True,424
123,0.000000,True,424
123,0.000000,True,424
123,0.000000,True,424
123,0.000000,True,424
123,0.000000,True,424
123,0.000000,True,424
123,0.000000,True,424
123,0.000000,True,424
123,0.000000,True,424
123,0.000000,True,424
123,0.000000,True,424
123,0.000000,True,424
123,0.000000,True,424
123,0.000000,True,424
123,0.000000,True,424
123,0.000000,True,424
123,0.000000,True,424
123,0.000000,True,424
123,0.000000,True,424
123,0.000000,True,424
123,0.000000,True,424
123,0.000000,True,424
123,0.000000,True,424
123,0.000000,True,424
123,0.000000,True,424
123,0.000000,True,424
123,0.000000,True,424
123,0.000000,True,424
123,0.000000,True,424
123,0.000000,True,424
123,0.000000,True,424
123,0.000000,True,424
123,0.000000,True,424
123,0.000000,True,424
123,0.000000,True,424
123,0.000000,True,424
123,0.000000,True,424
123,0.000000,True,424
123,0.000000,True,424
123,0.000000,True,424
123,0.000000,True,424
123,0.000000,True,424
123,0.000000,True,424
123,0.000000,True,424
123,0.000000,True,424
123,0.000000,True,424
123,0.000000,True,424
123,0.000000,True,424
123,0.000000,True,424
123,0.000000,True,424
123,0.000000,True,424
123,0.000000,True,424
123,0.000000,True,424
123,0.000000,True,424
123,0.000000,True,424
123,0.000000,True,424
123,0.000000,True,424
123,0.000000,True,424
123,0.058009,False,446
123,0.031630,False,446
123,0.020226,False,446
123,0.025736,False,446
123,0.024700,False,446
123,0.031446,False,446
123,0.021062,False,446
123,0.021959,False,446
123,0.022545,False,446
123,0.022596,False,446
123,0.020658,False,446
123,0.032648,False,446
123,0.021131,False,446
123,0.032188,False,446
123,0.021134,False,446
123,0.022014,False,446
123,0.023777,False,446
123,0.021842,False,446
123,0.026581,False,446
123,0.000000,True,446
123,0.000000,True,446
123,0.386850,False,446
123,0.032173,False,446
123,0.020735,False,446
123,0.020902,False,446
123,0.020748,False,446
123,0.029994,False,446
123,0.020895,False,446
123,0.020834,False,446
123,0.019757,False,446
123,0.028853,False,446
123,0.020706,False,446
123,0.021104,False,446
123,0.022049,False,446
123,0.031724,False,446
123,0.029834,False,446
123,0.022022,False,446
123,0.021856,False,446
123,0.020866,False,446
123,0.019454,False,446
123,0.020919,False,446
123,0.020454,False,446
123,0.000000,True,446
123,0.000000,True,446
123,0.000000,True,446
123,0.174095,False,446
123,0.035115,False,446
123,0.020501,False,446
123,0.029895,False,446
123,0.027979,False,424
123,0.018494,False,424
123,0.016131,False,424
123,0.031325,False,424
123,0.019733,False,424
123,0.018043,False,424
123,0.025705,False,424
123,0.016339,False,424
123,0.017736,False,424
123,0.017253,False,424
123,0.038723,False,424
123,0.018205,False,424
123,0.019927,False,424
123,0.018326,False,424
123,0.017785,False,424
123,0.017121,False,424
123,0.017285,False,424
123,0.030754,False,424
123,0.018794,False,424
123,0.026343,False,424
123,0.018334,False,424
123,0.030309,False,424
123,0.019346,False,424
123,0.027250,False,424
123,0.016961,False,424
123,0.025052,False,424
123,0.017464,False,424
123,0.030337,False,424
123,0.018213,False,424
123,0.027687,False,424
123,0.026963,False,424
123,0.030938,False,424
123,0.019009,False,424
123,0.021101,False,424
123,0.020903,False,424
123,0.018078,False,424
123,0.262881,False,424
123,0.463480,False,424
123,0.045919,False,424
123,0.015941,False,424
123,0.017029,False,424
123,0.017387,False,424
123,0.017674,False,424
123,0.018252,False,424
123,0.017522,False,424
123,0.029235,False,424
123,0.026008,False,424
123,0.026435,False,424
123,0.017109,False,424
123,0.017064,False,424
123,0.030860,False,424
123,0.026033,False,424
123,0.031675,False,424
123,0.026947,False,424
123,0.059027,False,468
123,0.038910,False,468
123,0.024134,False,468
123,0.025580,False,468
123,0.036227,False,468
123,0.024868,False,468
123,0.024856,False,468
123,0.025278,False,468
123,0.025724,False,468
123,0.025367,False,468
123,0.034181,False,468
123,0.024016,False,468
123,0.024662,False,468
123,0.025505,False,468
123,0.024759,False,468
123,0.033802,False,468
123,0.024602,False,468
123,0.033537,False,468
123,0.256079,False,468
123,0.000000,True,468
123,0.000000,True,468
123,0.383959,False,468
123,0.035620,False,468
123,0.025415,False,468
123,0.036045,False,468
123,0.033224,False,468
123,0.033121,False,468
123,0.024984,False,468
123,0.024903,False,468
123,0.024941,False,468
123,0.028758,False,468
123,0.025268,False,468
123,0.025567,False,468
123,0.033955,False,468
123,0.037404,False,468
123,0.031033,False,468
123,0.024986,False,468
123,0.025676,False,468
123,0.034758,False,468
123,0.027082,False,468
123,0.027009,False,468
123,0.031046,False,446
123,0.028021,False,446
123,0.036478,False,446
123,0.020919,False,446
123,0.047282,False,446
123,0.026786,False,446
123,0.021359,False,446
123,0.023654,False,446
123,0.022412,False,446
123,0.021811,False,446
123,0.024820,False,446
123,0.023305,False,446
123,0.021897,False,446
123,0.033553,False,446
123,0.020642,False,446
123,0.022652,False,446
123,0.026267,False,446
123,0.021762,False,446
123,0.021255,False,446
123,0.032496,False,446
123,0.022861,False,446
123,0.022830,False,446
123,0.022376,False,446
123,0.021243,False,446
123,0.029888,False,446
123,0.082999,False,446
123,0.058731,False,446
123,0.000000,True,446
123,0.192745,False,446
123,0.022819,False,446
123,0.023198,False,446
123,0.022093,False,446
123,0.024155,False,446
123,0.022115,False,446
123,0.022973,False,446
123,0.022689,False,446
123,0.021386,False,446
123,0.030561,False,446
123,0.034568,False,446
123,0.023735,False,446
123,0.023142,False,446
123,0.021760,False,446
123,0.023061,False,446
123,0.022207,False,446
123,0.022674,False,446
123,0.024453,False,446
123,0.028648,False,446
123,0.023341,False,446
123,0.107703,False,423
123,0.030234,False,423
123,0.048168,False,423
123,0.036499,False,423
123,0.035251,False,423
123,0.034913,False,423
123,0.035020,False,423
123,0.036294,False,423
123,0.038271,False,423
123,0.036316,False,423
123,0.035083,False,423
123,0.046097,False,423
123,0.036208,False,423
123,0.042309,False,423
123,0.034605,False,423
123,0.037483,False,423
123,0.074241,False,423
123,0.044480,False,423
123,0.034373,False,423
123,0.049460,False,423
123,0.044998,False,423
123,0.040913,False,423
123,0.035548,False,423
123,0.040182,False,423
123,0.035092,False,423
123,0.044648,False,423
123,0.034615,False,423
123,0.043203,False,423
123,0.036353,False,423
123,0.048112,False,423
123,0.036646,False,423
123,0.036912,False,423
123,0.034059,False,423
123,0.034309,False,423
123,0.033806,False,423
123,0.047678,False,423
123,0.035446,False,423
123,0.034375,False,423
123,0.038701,False,423
123,0.329640,False,423
123,0.000000,True,423
123,0.000000,True,423
123,0.181419,False,423
123,0.034703,False,423
123,0.036699,False,423
123,0.036292,False,423
123,0.036343,False,423
123,0.037640,False,423
123,0.036585,False,423
123,0.034324,False,423
123,0.037292,False,423
123,0.035821,False,423
123,0.049820,False,423
123,0.035261,False,423
123,0.026318,False,423
123,0.025388,False,423
123,0.029010,False,423
123,0.018549,False,423
123,0.021163,False,423
123,0.018715,False,423
123,0.019127,False,423
123,0.020197,False,423
123,0.046125,False,423
123,0.000000,True,423
123,0.000000,True,423
123,0.471998,False,423
123,0.081201,False,423
123,0.026732,False,423
123,0.018765,False,423
123,0.017934,False,423
123,0.030711,False,423
123,0.018745,False,423
123,0.018136,False,423
123,0.019464,False,423
123,0.019091,False,423
123,0.032284,False,423
123,0.017275,False,423
123,0.028181,False,423
123,0.020589,False,423
123,0.018331,False,423
123,0.028051,False,423
123,0.015233,False,423
123,0.015126,False,423
123,0.016324,False,423
123,0.016722,False,423
123,0.015625,False,423
123,0.404303,False,423
123,0.257775,False,423
123,0.000000,True,423
123,0.000000,True,423
123,0.159653,False,423
123,0.022689,False,423
123,0.015032,False,423
123,0.015282,False,423
123,0.017257,False,423
123,0.015916,False,423
123,0.016086,False,423
123,0.028669,False,423
123,0.016021,False,423
123,0.033299,False,445
123,0.016929,False,445
123,0.038125,False,445
123,0.021292,False,445
123,0.030254,False,445
123,0.021102,False,445
123,0.019252,False,445
123,0.019671,False,445
123,0.022183,False,445
123,0.033270,False,445
123,0.025826,False,445
123,0.018269,False,445
123,0.017831,False,445
123,0.019823,False,445
123,0.019263,False,445
123,0.027918,False,445
123,0.020200,False,445
123,0.019454,False,445
123,0.379728,False,445
123,0.215719,False,445
123,0.022406,False,445
123,0.019103,False,445
123,0.018824,False,445
123,0.021138,False,445
123,0.018219,False,445
123,0.019485,False,445
123,0.019376,False,445
123,0.028405,False,445
123,0.018347,False,445
123,0.020846,False,445
123,0.030957,False,445
123,0.017909,False,445
123,0.018031,False,445
123,0.019634,False,445
123,0.031997,False,445
123,0.020015,False,445
123,0.030555,False,445
123,0.018941,False,445
123,0.019888,False,445
123,0.028619,False,445
123,0.019610,False,445
123,0.021188,False,445
123,0.021758,False,445
123,0.323122,False,445
123,0.288488,False,445
123,0.322807,False,445
123,0.033666,False,445
123,0.027012,False,445
123,0.031292,False,445
123,0.032843,False,445
123,0.028313,False,445
123,0.018308,False,445
123,0.018936,False,445
123,0.018476,False,445
123,0.019115,False,445
123,0.019462,False,445
123,0.032606,False,445
123,0.028301,False,445
123,0.032140,False,445
123,0.032850,False,445
123,0.033294,False,445
123,0.018989,False,445
123,0.018167,False,445
123,0.018796,False,445
123,0.017896,False,445
123,0.031048,False,445
123,0.000000,True,445
123,0.000000,True,445
123,0.000000,True,445
123,0.182881,False,445
123,0.029943,False,445
123,0.017522,False,445
123,0.016258,False,445
123,0.026339,False,445
123,0.016408,False,445
123,0.020000,False,445
123,0.028161,False,445
123,0.016652,False,445
123,0.028333,False,445
123,0.018374,False,445
123,0.017363,False,445
123,0.026126,False,445
123,0.017007,False,445
123,0.018504,False,445
123,0.016791,False,445
123,0.018881,False,445
123,0.017618,False,445
123,0.030565,False,445
123,0.029684,False,445
123,0.029949,False,445
123,0.017570,False,445
123,0.000000,True,445
123,0.000000,True,445
123,0.306821,False,445
123,0.017930,False,445
123,0.016625,False,445
123,0.035673,False,423
123,0.014522,False,423
123,0.015045,False,423
123,0.023698,False,423
123,0.015716,False,423
123,0.015314,False,423
123,0.016586,False,423
123,0.013969,False,423
123,0.013912,False,423
123,0.015286,False,423
123,0.015036,False,423
123,0.017508,False,423
123,0.013227,False,423
123,0.014705,False,423
123,0.014292,False,423
123,0.013725,False,423
123,0.017250,False,423
123,0.016459,False,423
123,0.016267,False,423
123,0.024061,False,423
123,0.076528,False,423
123,0.262342,False,423
123,0.024305,False,423
123,0.016051,False,423
123,0.014427,False,423
123,0.025481,False,423
123,0.020359,False,423
123,0.015825,False,423
123,0.015469,False,423
123,0.025213,False,423
123,0.015524,False,423
123,0.015703,False,423
123,0.015092,False,423
123,0.014480,False,423
123,0.027326,False,423
123,0.014425,False,423
123,0.014698,False,423
123,0.021130,False,423
123,0.015812,False,423
123,0.015158,False,423
123,0.015120,False,423
123,0.029154,False,423
123,0.162913,False,423
123,0.167322,False,423
123,0.015489,False,423
123,0.000000,True,423
123,0.329578,False,423
123,0.023905,False,423
123,0.014700,False,423
123,0.015684,False,423
123,0.013334,False,423
123,0.014182,False,423
123,0.014782,False,423
123,0.018823,False,423
123,0.017634,False,423
123,0.018626,False,423
123,0.016542,False,423
123,0.016283,False,423
123,0.020788,False,423
123,0.016260,False,423
123,0.016876,False,423
123,0.017305,False,423
123,0.016661,False,423
123,0.015784,False,423
123,0.019211,False,423
123,0.012252,False,423
123,0.020261,False,423
123,0.091768,False,423
123,0.136936,False,423
123,0.000000,True,423
123,0.485174,False,423
123,0.044369,False,423
123,0.014362,False,423
123,0.027623,False,423
123,0.022003,False,423
123,0.014418,False,423
123,0.015102,False,423
123,0.026295,False,423
123,0.016152,False,423
123,0.016425,False,423
123,0.016883,False,423
123,0.013437,False,423
123,0.014107,False,423
123,0.033246,False,423
123,0.014368,False,423
123,0.025748,False,423
123,0.026947,False,423
123,0.016658,False,423
123,0.022302,False,423
123,0.015695,False,423
123,0.014219,False,423
123,0.000000,True,423
123,0.000000,True,423
123,0.000000,True,423
123,0.242814,False,423
123,0.012950,False,423
123,0.014190,False,423
123,0.015017,False,423
123,0.014214,False,423
123,0.016635,False,423
123,0.015904,False,423
123,0.016233,False,423
123,0.013090,False,423
123,0.015044,False,423
123,0.013281,False,423
123,0.020513,False,423
123,0.023817,False,423
123,0.028442,False,423
123,0.015453,False,423
123,0.014447,False,423
123,0.018019,False,423
123,0.019777,False,423
123,0.013592,False,423
123,0.016344,False,445
123,0.041693,False,445
123,0.032205,False,445
123,0.020704,False,445
123,0.025531,False,445
123,0.030312,False,445
